{"stats":{"minecraft:used":{"minecraft:oak_log":1,"born_in_chaos_v1:corpse_maggot":1,"minecraft:wooden_axe":23,"minecraft:apple":1,"minecraft:chicken":2,"minecraft:bread":8,"minecraft:rotten_flesh":2,"minecraft:dirt":16,"minecraft:crafting_table":1,"minecraft:oak_sapling":1,"tombstone:gift":2,"minecraft:white_bed":5},"minecraft:mined":{"minecraft:white_bed":6,"minecraft:crafting_table":1,"minecraft:grass":2,"minecraft:grass_block":13,"minecraft:oak_log":18,"minecraft:dirt":3,"minecraft:tall_grass":2,"minecraft:oak_leaves":16},"minecraft:picked_up":{"born_in_chaos_v1:corpse_maggot":1,"minecraft:crafting_table":1,"minecraft:feather":4,"minecraft:chicken":2,"minecraft:clay_ball":5,"minecraft:brown_wool":2,"minecraft:oak_log":17,"minecraft:white_bed":6,"minecraft:dirt":26,"minecraft:rotten_flesh":2,"minecraft:apple":1,"minecraft:bread":11,"minecraft:oak_sapling":1,"minecraft:mutton":3,"minecraft:white_wool":1},"minecraft:killed_by":{"minecraft:player":1,"earthmobsmod:skeleton_wolf":1},"minecraft:custom":{"minecraft:time_since_rest":1,"minecraft:sprint_one_cm":118192,"minecraft:damage_taken":1906,"minecraft:walk_one_cm":135525,"minecraft:mob_kills":6,"minecraft:damage_dealt":1087,"minecraft:player_kills":1,"minecraft:swim_one_cm":7357,"minecraft:interact_with_crafting_table":1,"minecraft:fly_one_cm":59414,"minecraft:open_chest":1,"minecraft:crouch_one_cm":1473,"minecraft:play_time":63679,"minecraft:deaths":4,"minecraft:sneak_time":438,"minecraft:walk_under_water_one_cm":3624,"tombstone:villager_killed":1,"minecraft:jump":701,"minecraft:leave_game":7,"minecraft:walk_on_water_one_cm":5175,"minecraft:time_since_death":873,"minecraft:sleep_in_bed":5,"minecraft:climb_one_cm":900,"minecraft:total_world_time":63679,"minecraft:fall_one_cm":24761},"minecraft:crafted":{"minecraft:oak_planks":44,"minecraft:stick":52,"minecraft:wooden_axe":1},"minecraft:killed":{"minecraft:sheep":2,"minecraft:chicken":2,"minecraft:villager":1,"born_in_chaos_v1:maggot":1}},"DataVersion":3465}