{"stats":{"minecraft:used":{"minecraft:stone_pickaxe":108,"minecraft:oak_planks":41,"minecraft:wooden_pickaxe":60,"minecraft:rotten_flesh":2,"minecraft:cracked_stone_bricks":3,"minecraft:torch":10,"minecraft:dirt":16,"minecraft:mutton":3,"minecraft:crafting_table":3,"minecraft:carrot":52,"minecraft:white_bed":12,"minecraft:oak_log":1,"born_in_chaos_v1:corpse_maggot":1,"minecraft:wooden_axe":55,"minecraft:apple":1,"minecraft:chicken":4,"minecraft:bread":11,"ecologics:coconut_slice":2,"minecraft:stone_axe":128,"minecraft:wooden_sword":115,"minecraft:cobblestone":23,"born_in_chaos_v1:river_mint":1,"minecraft:oak_sapling":1,"minecraft:sea_pickle":1,"tombstone:gift":4,"minecraft:yellow_bed":1},"minecraft:mined":{"minecraft:white_bed":12,"minecraft:glass_pane":1,"minecraft:crafting_table":1,"minecraft:torch":1,"minecraft:ladder":3,"minecraft:grass_block":16,"minecraft:rose_bush":26,"luminousworld:grassvariant_2":2,"minecraft:tall_grass":9,"minecraft:oak_planks":78,"luminousworld:groundpebbles_3":1,"minecraft:wall_torch":2,"minecraft:skeleton_skull":1,"minecraft:white_terracotta":31,"minecraft:sea_pickle":1,"luminousworld:yellow_grassflowers":1,"minecraft:carrots":67,"ecologics:seashell":1,"minecraft:iron_ore":4,"minecraft:wheat":120,"minecraft:yellow_bed":1,"minecraft:peony":13,"minecraft:grass":11,"luminousworld:ishstone":17,"minecraft:potatoes":25,"minecraft:oak_log":60,"minecraft:coal_ore":13,"minecraft:beetroots":9,"minecraft:oak_stairs":5,"minecraft:dirt":3,"minecraft:packed_ice":41,"luminousworld:groundpebbles_2":1,"minecraft:stone":31,"minecraft:oak_leaves":21},"minecraft:dropped":{"minecraft:wheat_seeds":259,"luminousworld:ishstone":17,"minecraft:feather":5,"minecraft:stripped_oak_log":1,"minecraft:leather_helmet":2,"minecraft:oxeye_daisy":2,"minecraft:poppy":1,"minecraft:diorite":2,"minecraft:peony":21,"minecraft:skeleton_skull":1,"tombstone:grave_key":1,"luminousworld:groundpebbles_1":4,"minecraft:rose_bush":33,"tombstone:grave_dust":1,"minecraft:white_wool":1,"minecraft:dandelion":1},"minecraft:picked_up":{"minecraft:stripped_oak_log":1,"luminousworld:groundpebbles_1":4,"born_in_chaos_v1:corpse_maggot":1,"minecraft:iron_chestplate":1,"minecraft:crafting_table":1,"minecraft:wheat":106,"minecraft:feather":5,"minecraft:prismarine_shard":3,"born_in_chaos_v1:river_mint":1,"minecraft:chicken":5,"minecraft:ladder":3,"minecraft:clay_ball":5,"luminousworld:ishstone":17,"minecraft:brown_wool":2,"minecraft:potato":23,"minecraft:oak_stairs":4,"minecraft:oak_log":59,"minecraft:yellow_bed":1,"minecraft:dirt":39,"minecraft:iron_leggings":1,"minecraft:sea_pickle":2,"minecraft:apple":1,"minecraft:bow":1,"minecraft:cracked_stone_bricks":3,"minecraft:wheat_seeds":259,"minecraft:rose_bush":33,"minecraft:poppy":1,"minecraft:oak_planks":102,"minecraft:iron_boots":2,"minecraft:raw_iron":4,"ecologics:coconut_slice":2,"minecraft:oak_door":2,"minecraft:torch":10,"minecraft:dandelion":1,"born_in_chaos_v1:pileof_dark_metal":1,"minecraft:porkchop":4,"minecraft:diorite":4,"minecraft:carrot":66,"minecraft:white_bed":12,"minecraft:leather_helmet":2,"minecraft:rotten_flesh":2,"minecraft:tropical_fish":1,"minecraft:beetroot_seeds":10,"minecraft:peony":21,"minecraft:iron_helmet":1,"minecraft:bread":11,"minecraft:white_terracotta":31,"minecraft:oak_sapling":1,"minecraft:mutton":3,"minecraft:coal":14,"minecraft:skeleton_skull":1,"minecraft:white_wool":1,"minecraft:cobblestone":31,"minecraft:oxeye_daisy":2},"minecraft:killed_by":{"minecraft:player":1,"born_in_chaos_v1:supreme_bonescaller_stage_2":2,"earthmobsmod:skeleton_wolf":1,"born_in_chaos_v1:bone_imp_minion":1,"iceandfire:ghost":1},"minecraft:custom":{"minecraft:mob_kills":19,"minecraft:interact_with_crafting_table":6,"minecraft:damage_dealt_resisted":287,"minecraft:leave_game":8,"minecraft:time_since_death":1731,"minecraft:sleep_in_bed":12,"minecraft:climb_one_cm":1734,"minecraft:time_since_rest":1331,"minecraft:sprint_one_cm":400459,"minecraft:damage_taken":3791,"minecraft:walk_one_cm":383317,"minecraft:trigger_trapped_chest":1,"minecraft:drop":24,"minecraft:damage_dealt":3648,"minecraft:swim_one_cm":36727,"minecraft:fly_one_cm":310840,"minecraft:player_kills":1,"minecraft:open_chest":3,"minecraft:crouch_one_cm":3826,"minecraft:play_time":167729,"tombstone:undead_killed":6,"minecraft:deaths":9,"minecraft:sneak_time":1523,"minecraft:walk_under_water_one_cm":9024,"minecraft:boat_one_cm":88501,"tombstone:villager_killed":1,"minecraft:jump":2754,"minecraft:walk_on_water_one_cm":20035,"minecraft:total_world_time":167729,"minecraft:fall_one_cm":55187},"minecraft:broken":{"minecraft:stone_pickaxe":1,"minecraft:wooden_sword":2,"minecraft:stone_axe":1,"minecraft:wooden_axe":1,"minecraft:wooden_pickaxe":1},"minecraft:killed":{"minecraft:pig":2,"born_in_chaos_v1:bone_imp_minion":3,"born_in_chaos_v1:maggot":1,"minecraft:sheep":2,"iceandfire:ghost":2,"minecraft:chicken":3,"naturalist:sparrow":2,"minecraft:villager":1,"born_in_chaos_v1:barrel_zombie":1},"minecraft:crafted":{"minecraft:wooden_sword":2,"minecraft:oak_planks":210,"minecraft:crafting_table":2,"minecraft:wooden_pickaxe":1,"minecraft:stone_axe":1,"minecraft:stick":52,"minecraft:stone_pickaxe":1,"minecraft:wooden_axe":2}},"DataVersion":3465}