{"stats":{"minecraft:used":{"minecraft:oak_log":1,"minecraft:wooden_axe":2,"minecraft:apple":1,"minecraft:bread":2,"minecraft:dirt":4,"minecraft:crafting_table":1,"minecraft:white_bed":2},"minecraft:mined":{"minecraft:white_bed":5,"minecraft:crafting_table":1,"minecraft:grass_block":7,"minecraft:oak_log":18,"minecraft:dirt":1,"minecraft:oak_leaves":13},"minecraft:picked_up":{"minecraft:crafting_table":1,"minecraft:oak_log":17,"minecraft:white_bed":5,"minecraft:dirt":8,"minecraft:apple":1,"minecraft:bread":11,"minecraft:oak_sapling":1},"minecraft:killed_by":{"minecraft:player":1,"earthmobsmod:skeleton_wolf":1},"minecraft:custom":{"minecraft:time_since_rest":3089,"minecraft:sprint_one_cm":57151,"minecraft:damage_taken":717,"minecraft:walk_one_cm":65591,"minecraft:mob_kills":1,"minecraft:damage_dealt":510,"minecraft:swim_one_cm":1183,"minecraft:interact_with_crafting_table":1,"minecraft:fly_one_cm":27529,"minecraft:open_chest":1,"minecraft:crouch_one_cm":1473,"minecraft:play_time":23745,"minecraft:deaths":2,"minecraft:sneak_time":431,"minecraft:walk_under_water_one_cm":1822,"tombstone:villager_killed":1,"minecraft:jump":348,"minecraft:leave_game":3,"minecraft:time_since_death":10926,"minecraft:walk_on_water_one_cm":2040,"minecraft:sleep_in_bed":2,"minecraft:total_world_time":23745,"minecraft:climb_one_cm":476,"minecraft:fall_one_cm":10637},"minecraft:killed":{"minecraft:villager":1},"minecraft:crafted":{"minecraft:oak_planks":44,"minecraft:stick":52,"minecraft:wooden_axe":1}},"DataVersion":3465}