{"stats":{"minecraft:used":{"minecraft:oak_log":1,"born_in_chaos_v1:corpse_maggot":1,"minecraft:wooden_axe":47,"minecraft:apple":1,"minecraft:chicken":2,"minecraft:bread":8,"minecraft:stone_pickaxe":3,"minecraft:wooden_pickaxe":31,"minecraft:rotten_flesh":2,"minecraft:stone_axe":22,"minecraft:dirt":16,"minecraft:crafting_table":1,"minecraft:oak_sapling":1,"tombstone:gift":2,"minecraft:white_bed":6},"minecraft:mined":{"minecraft:white_bed":7,"minecraft:glass_pane":1,"minecraft:crafting_table":1,"minecraft:grass":2,"minecraft:coal_ore":2,"minecraft:grass_block":14,"minecraft:oak_log":27,"minecraft:dirt":3,"minecraft:tall_grass":2,"minecraft:stone":31,"minecraft:oak_planks":35,"minecraft:oak_leaves":16,"minecraft:wall_torch":1},"minecraft:picked_up":{"born_in_chaos_v1:corpse_maggot":1,"minecraft:crafting_table":1,"minecraft:feather":4,"minecraft:chicken":2,"minecraft:clay_ball":5,"minecraft:brown_wool":2,"minecraft:torch":6,"minecraft:oak_log":26,"minecraft:white_bed":7,"minecraft:dirt":27,"minecraft:rotten_flesh":2,"minecraft:apple":1,"minecraft:bread":11,"minecraft:oak_sapling":1,"minecraft:oak_planks":34,"minecraft:mutton":3,"minecraft:coal":2,"minecraft:white_wool":1,"minecraft:cobblestone":30},"minecraft:killed_by":{"minecraft:player":1,"earthmobsmod:skeleton_wolf":1},"minecraft:broken":{"minecraft:wooden_axe":1},"minecraft:custom":{"minecraft:time_since_rest":3973,"minecraft:sprint_one_cm":128810,"minecraft:damage_taken":1906,"minecraft:walk_one_cm":153132,"minecraft:mob_kills":6,"minecraft:damage_dealt":1087,"minecraft:interact_with_crafting_table":3,"minecraft:swim_one_cm":7357,"minecraft:player_kills":1,"minecraft:fly_one_cm":63539,"minecraft:open_chest":1,"minecraft:crouch_one_cm":1473,"minecraft:play_time":73853,"minecraft:deaths":4,"minecraft:sneak_time":438,"minecraft:walk_under_water_one_cm":3624,"tombstone:villager_killed":1,"minecraft:jump":737,"minecraft:leave_game":7,"minecraft:time_since_death":11047,"minecraft:walk_on_water_one_cm":5175,"minecraft:sleep_in_bed":6,"minecraft:climb_one_cm":900,"minecraft:total_world_time":73853,"minecraft:fall_one_cm":25446},"minecraft:crafted":{"minecraft:oak_planks":44,"minecraft:stick":52,"minecraft:wooden_pickaxe":1,"minecraft:stone_pickaxe":1,"minecraft:wooden_axe":1,"minecraft:stone_axe":1},"minecraft:killed":{"minecraft:sheep":2,"minecraft:chicken":2,"minecraft:villager":1,"born_in_chaos_v1:maggot":1}},"DataVersion":3465}