{"stats":{"minecraft:broken":{"minecraft:wooden_pickaxe":1,"minecraft:stone_pickaxe":4,"minecraft:wooden_sword":2,"minecraft:stone_axe":1,"minecraft:wooden_axe":1},"minecraft:killed_by":{"minecraft:player":2,"born_in_chaos_v1:bone_imp_minion":1,"born_in_chaos_v1:supreme_bonescaller_stage_2":2,"earthmobsmod:skeleton_wolf":1,"iceandfire:ghost":1},"minecraft:used":{"minecraft:beetroot":1,"minecraft:tropical_fish":1,"aether:aether_dirt":6,"minecraft:iron_sword":25,"minecraft:rotten_flesh":2,"minecraft:torch":20,"minecraft:dirt":19,"minecraft:mutton":3,"minecraft:carrot":139,"born_in_chaos_v1:corpse_maggot":4,"minecraft:wooden_axe":92,"minecraft:oak_sapling":1,"tombstone:gift":6,"aether:icestone":2,"minecraft:potato":43,"aether:holystone":31,"minecraft:stone_pickaxe":485,"minecraft:oak_planks":151,"minecraft:wooden_pickaxe":60,"minecraft:cracked_stone_bricks":3,"aether:holystone_pickaxe":10,"minecraft:glow_berries":5,"minecraft:crafting_table":3,"minecraft:white_bed":12,"minecraft:oak_log":1,"minecraft:apple":4,"minecraft:chicken":4,"minecraft:bread":22,"aether:golden_oak_sapling":1,"minecraft:stone_axe":128,"ecologics:coconut_slice":2,"minecraft:wooden_sword":115,"minecraft:cobblestone":56,"minecraft:porkchop":4,"born_in_chaos_v1:river_mint":1,"aether:holystone_sword":3,"quark:oak_chest":2,"minecraft:yellow_bed":3,"minecraft:sea_pickle":1},"minecraft:crafted":{"minecraft:wooden_sword":2,"minecraft:oak_planks":210,"aether:holystone_pickaxe":1,"minecraft:stone_pickaxe":4,"minecraft:crafting_table":2,"minecraft:wooden_pickaxe":1,"minecraft:stone_axe":1,"minecraft:stick":52,"quark:oak_chest":2,"minecraft:wooden_axe":2,"aether:holystone_sword":1},"minecraft:picked_up":{"minecraft:crafting_table":1,"luminousworld:groundpebbles_1":4,"minecraft:iron_chestplate":1,"minecraft:wheat":109,"minecraft:ladder":3,"minecraft:chicken":5,"born_in_chaos_v1:river_mint":2,"minecraft:clay_ball":5,"minecraft:prismarine_shard":3,"aether:aether_dirt":13,"minecraft:oak_stairs":4,"minecraft:string":17,"minecraft:iron_leggings":1,"minecraft:item_frame":2,"minecraft:beetroot":1,"minecraft:sea_pickle":2,"aether:skyroot_stick":4,"minecraft:cracked_stone_bricks":3,"minecraft:tnt_minecart":1,"minecraft:cobbled_deepslate":18,"minecraft:rose_bush":33,"minecraft:poppy":1,"minecraft:iron_boots":2,"minecraft:stick":1,"minecraft:raw_iron":51,"minecraft:oak_door":2,"ecologics:coconut_slice":2,"minecraft:oak_fence":1,"minecraft:torch":12,"born_in_chaos_v1:pileof_dark_metal":1,"minecraft:porkchop":4,"minecraft:carrot":91,"minecraft:diorite":4,"born_in_chaos_v1:pieceofdarkmetal":1,"aether:skyroot_log":16,"minecraft:rotten_flesh":10,"luminousworld:yellow_grassflowers":1,"minecraft:tropical_fish":1,"minecraft:beetroot_seeds":10,"minecraft:peony":21,"minecraft:white_terracotta":31,"supplementaries:ash":1,"minecraft:stripped_oak_log":1,"minecraft:mutton":3,"minecraft:rail":1,"minecraft:skeleton_skull":1,"minecraft:white_wool":1,"minecraft:cobblestone":77,"minecraft:oxeye_daisy":2,"born_in_chaos_v1:corpse_maggot":2,"minecraft:feather":5,"luminousworld:ishstone":17,"minecraft:brown_wool":2,"minecraft:potato":24,"minecraft:tuff":24,"minecraft:oak_log":59,"minecraft:yellow_bed":3,"aether:icestone":2,"minecraft:dirt":45,"minecraft:apple":1,"minecraft:bow":1,"minecraft:wheat_seeds":328,"aether:holystone":52,"minecraft:iron_sword":1,"minecraft:oak_planks":107,"aether:golden_oak_sapling":1,"minecraft:dandelion":1,"aether:zanite_gemstone":3,"minecraft:spruce_sapling":3,"minecraft:white_bed":12,"minecraft:spider_eye":3,"minecraft:leather_helmet":2,"minecraft:mossy_cobblestone":3,"minecraft:iron_helmet":1,"aether:ambrosium_shard":30,"minecraft:bread":13,"minecraft:oak_sapling":1,"minecraft:coal":105,"aether:blue_moa_egg":1,"iceandfire:raw_silver":1},"minecraft:dropped":{"minecraft:bread":4,"minecraft:wheat_seeds":325,"luminousworld:ishstone":17,"minecraft:feather":5,"minecraft:cobblestone":11,"minecraft:leather_helmet":2,"minecraft:oxeye_daisy":2,"born_in_chaos_v1:river_mint":1,"minecraft:diorite":2,"tombstone:grave_key":1,"minecraft:rose_bush":33,"tombstone:grave_dust":2,"minecraft:white_wool":1,"minecraft:spruce_sapling":2,"minecraft:dandelion":1,"minecraft:cobbled_deepslate":18,"minecraft:wheat":1,"minecraft:raw_iron":51,"minecraft:oak_planks":23,"minecraft:stripped_oak_log":1,"aether:aether_dirt":7,"minecraft:carrot":1,"luminousworld:yellow_grassflowers":1,"minecraft:poppy":1,"supplementaries:ash":1,"minecraft:peony":21,"minecraft:skeleton_skull":1,"luminousworld:groundpebbles_1":4},"minecraft:custom":{"minecraft:mob_kills":22,"minecraft:interact_with_crafting_table":13,"minecraft:open_barrel":1,"minecraft:damage_dealt_resisted":287,"minecraft:leave_game":10,"minecraft:time_since_death":127337,"minecraft:climb_one_cm":19881,"minecraft:sprint_one_cm":790932,"minecraft:walk_one_cm":711350,"minecraft:drop":52,"minecraft:play_time":314559,"minecraft:sneak_time":6706,"minecraft:deaths":10,"minecraft:walk_under_water_one_cm":16899,"minecraft:boat_one_cm":88501,"minecraft:jump":4966,"minecraft:walk_on_water_one_cm":24800,"minecraft:total_world_time":314559,"minecraft:interact_with_furnace":1,"minecraft:sleep_in_bed":15,"minecraft:time_since_rest":3173,"minecraft:damage_taken":6399,"tombstone:sneak_grave":1,"minecraft:trigger_trapped_chest":1,"minecraft:damage_dealt":4573,"minecraft:player_kills":1,"minecraft:swim_one_cm":38499,"minecraft:fly_one_cm":667236,"minecraft:open_chest":46,"minecraft:crouch_one_cm":19119,"tombstone:undead_killed":7,"tombstone:villager_killed":1,"minecraft:fall_one_cm":121483},"minecraft:killed":{"undead_revamp2:thesmoker":1,"born_in_chaos_v1:maggot":1,"minecraft:chicken":3,"born_in_chaos_v1:barrel_zombie":1,"minecraft:pig":2,"born_in_chaos_v1:bone_imp_minion":3,"minecraft:sheep":2,"iceandfire:ghost":2,"naturalist:sparrow":2,"minecraft:villager":1},"minecraft:mined":{"minecraft:white_bed":12,"minecraft:tuff":24,"iceandfire:silver_ore":1,"placeablesmod:potato_block_1":1,"minecraft:ladder":3,"minecraft:grass_block":24,"luminousworld:grassvariant_2":2,"minecraft:spruce_leaves":12,"luminousworld:groundpebbles_3":1,"minecraft:spawner":1,"aether:aether_dirt":20,"minecraft:carrots":67,"luminousworld:yellow_grassflowers":1,"minecraft:iron_ore":49,"minecraft:fire":8,"minecraft:peony":13,"aether:skyroot_log":14,"minecraft:potatoes":25,"minecraft:deepslate_iron_ore":2,"minecraft:vine":11,"minecraft:rail":2,"minecraft:oak_stairs":5,"minecraft:packed_ice":41,"luminousworld:groundpebbles_2":1,"minecraft:stone":47,"minecraft:glass_pane":1,"aether:holystone":57,"aether:zanite_ore":3,"aether:golden_oak_sapling":1,"minecraft:oak_fence":1,"minecraft:crafting_table":1,"minecraft:torch":1,"aether:icestone":2,"minecraft:rose_bush":26,"aether:golden_oak_log":2,"minecraft:tall_grass":9,"minecraft:cobblestone":28,"minecraft:oak_planks":83,"minecraft:wall_torch":3,"minecraft:skeleton_skull":1,"aether:skyroot_leaves":15,"minecraft:white_terracotta":31,"ecologics:seashell":1,"minecraft:sea_pickle":1,"minecraft:wheat":126,"born_in_chaos_v1:river_mint":1,"aether:aether_grass_block":15,"minecraft:yellow_bed":2,"minecraft:grass":22,"minecraft:oak_log":60,"minecraft:coal_ore":104,"luminousworld:ishstone":17,"minecraft:beetroots":9,"minecraft:dirt":5,"minecraft:cobweb":6,"aether:ambrosium_ore":30,"minecraft:oak_leaves":21,"minecraft:deepslate":22}},"DataVersion":3465}