{"stats":{"minecraft:picked_up":{"minecraft:oak_log":5,"minecraft:dirt":1},"minecraft:custom":{"minecraft:jump":99,"minecraft:time_since_rest":7345,"minecraft:damage_dealt":65,"minecraft:leave_game":1,"minecraft:crouch_one_cm":494,"minecraft:play_time":7345,"minecraft:sprint_one_cm":14807,"minecraft:damage_taken":20,"minecraft:time_since_death":7345,"minecraft:walk_one_cm":14064,"minecraft:sneak_time":62,"minecraft:total_world_time":7345,"minecraft:fall_one_cm":2032,"minecraft:fly_one_cm":9085},"minecraft:used":{"minecraft:dirt":1},"minecraft:mined":{"minecraft:oak_log":5,"minecraft:grass_block":1,"minecraft:oak_leaves":12}},"DataVersion":3465}