{"stats":{"minecraft:used":{"minecraft:stone_pickaxe":10,"minecraft:wooden_pickaxe":60,"minecraft:rotten_flesh":2,"minecraft:dirt":16,"minecraft:crafting_table":1,"minecraft:white_bed":6,"minecraft:oak_log":1,"born_in_chaos_v1:corpse_maggot":1,"minecraft:wooden_axe":47,"minecraft:apple":1,"minecraft:chicken":2,"minecraft:bread":11,"minecraft:stone_axe":104,"minecraft:oak_sapling":1,"tombstone:gift":2},"minecraft:mined":{"minecraft:white_bed":7,"minecraft:glass_pane":1,"minecraft:crafting_table":1,"minecraft:torch":1,"minecraft:ladder":3,"minecraft:grass_block":16,"minecraft:tall_grass":2,"minecraft:oak_planks":75,"minecraft:wall_torch":2,"minecraft:white_terracotta":31,"minecraft:carrots":6,"minecraft:wheat":3,"minecraft:yellow_bed":1,"minecraft:grass":2,"minecraft:potatoes":4,"minecraft:oak_log":60,"minecraft:coal_ore":2,"minecraft:oak_stairs":5,"minecraft:dirt":3,"luminousworld:groundpebbles_2":1,"minecraft:stone":31,"minecraft:oak_leaves":16},"minecraft:picked_up":{"minecraft:stripped_oak_log":1,"luminousworld:groundpebbles_1":1,"born_in_chaos_v1:corpse_maggot":1,"minecraft:crafting_table":1,"minecraft:wheat":2,"minecraft:feather":4,"minecraft:chicken":2,"minecraft:ladder":3,"minecraft:clay_ball":5,"minecraft:brown_wool":2,"minecraft:potato":3,"minecraft:oak_stairs":4,"minecraft:oak_log":59,"minecraft:yellow_bed":1,"minecraft:dirt":29,"minecraft:apple":1,"minecraft:wheat_seeds":5,"minecraft:oak_planks":74,"minecraft:oak_door":2,"minecraft:torch":10,"minecraft:carrot":4,"minecraft:white_bed":7,"minecraft:rotten_flesh":2,"minecraft:bread":11,"minecraft:white_terracotta":31,"minecraft:oak_sapling":1,"minecraft:mutton":3,"minecraft:coal":2,"minecraft:white_wool":1,"minecraft:cobblestone":30},"minecraft:broken":{"minecraft:wooden_axe":1,"minecraft:wooden_pickaxe":1},"minecraft:killed_by":{"minecraft:player":1,"earthmobsmod:skeleton_wolf":1},"minecraft:custom":{"minecraft:mob_kills":6,"minecraft:interact_with_crafting_table":4,"minecraft:leave_game":7,"minecraft:time_since_death":23047,"minecraft:sleep_in_bed":6,"minecraft:climb_one_cm":900,"minecraft:time_since_rest":15973,"minecraft:sprint_one_cm":166369,"minecraft:damage_taken":2056,"minecraft:walk_one_cm":185293,"minecraft:damage_dealt":1141,"minecraft:swim_one_cm":7357,"minecraft:fly_one_cm":87415,"minecraft:player_kills":1,"minecraft:open_chest":1,"minecraft:crouch_one_cm":1473,"minecraft:play_time":85853,"minecraft:deaths":4,"minecraft:sneak_time":438,"minecraft:walk_under_water_one_cm":3683,"tombstone:villager_killed":1,"minecraft:jump":898,"minecraft:walk_on_water_one_cm":6819,"minecraft:total_world_time":85853,"minecraft:fall_one_cm":32528},"minecraft:killed":{"born_in_chaos_v1:maggot":1,"minecraft:sheep":2,"minecraft:chicken":2,"minecraft:villager":1},"minecraft:crafted":{"minecraft:oak_planks":114,"minecraft:wooden_pickaxe":1,"minecraft:stone_axe":1,"minecraft:stick":52,"minecraft:stone_pickaxe":1,"minecraft:wooden_axe":1}},"DataVersion":3465}