{"stats":{"minecraft:used":{"minecraft:oak_log":1,"minecraft:wooden_axe":2,"minecraft:apple":1,"minecraft:bread":2,"minecraft:dirt":4,"minecraft:crafting_table":1,"minecraft:white_bed":5},"minecraft:mined":{"minecraft:white_bed":5,"minecraft:crafting_table":1,"minecraft:grass_block":10,"minecraft:oak_log":18,"minecraft:dirt":2,"minecraft:oak_leaves":13},"minecraft:picked_up":{"minecraft:crafting_table":1,"minecraft:oak_log":17,"minecraft:white_bed":5,"minecraft:dirt":11,"minecraft:apple":1,"minecraft:bread":11,"minecraft:oak_sapling":1},"minecraft:killed_by":{"minecraft:player":1,"earthmobsmod:skeleton_wolf":1},"minecraft:custom":{"minecraft:time_since_rest":7764,"minecraft:sprint_one_cm":61991,"minecraft:damage_taken":803,"minecraft:walk_one_cm":102604,"minecraft:mob_kills":1,"minecraft:damage_dealt":510,"minecraft:swim_one_cm":1183,"minecraft:interact_with_crafting_table":1,"minecraft:fly_one_cm":28208,"minecraft:open_chest":1,"minecraft:crouch_one_cm":1473,"minecraft:play_time":48693,"minecraft:deaths":2,"minecraft:sneak_time":438,"minecraft:walk_under_water_one_cm":3362,"tombstone:villager_killed":1,"minecraft:jump":380,"minecraft:leave_game":5,"minecraft:walk_on_water_one_cm":3601,"minecraft:time_since_death":35874,"minecraft:sleep_in_bed":5,"minecraft:climb_one_cm":476,"minecraft:total_world_time":48693,"minecraft:fall_one_cm":11599},"minecraft:killed":{"minecraft:villager":1},"minecraft:crafted":{"minecraft:oak_planks":44,"minecraft:stick":52,"minecraft:wooden_axe":1}},"DataVersion":3465}