{"stats":{"minecraft:broken":{"minecraft:wooden_pickaxe":1,"minecraft:stone_pickaxe":2,"minecraft:wooden_sword":2,"minecraft:stone_axe":1,"minecraft:wooden_axe":1},"minecraft:killed_by":{"minecraft:player":2,"born_in_chaos_v1:bone_imp_minion":1,"born_in_chaos_v1:supreme_bonescaller_stage_2":2,"earthmobsmod:skeleton_wolf":1,"iceandfire:ghost":1},"minecraft:used":{"minecraft:tropical_fish":1,"minecraft:iron_sword":15,"minecraft:rotten_flesh":2,"minecraft:torch":20,"minecraft:dirt":19,"minecraft:mutton":3,"minecraft:carrot":96,"born_in_chaos_v1:corpse_maggot":1,"minecraft:wooden_axe":55,"minecraft:oak_sapling":1,"tombstone:gift":6,"minecraft:potato":22,"minecraft:stone_pickaxe":382,"minecraft:oak_planks":151,"minecraft:wooden_pickaxe":60,"minecraft:cracked_stone_bricks":3,"minecraft:crafting_table":3,"minecraft:white_bed":12,"minecraft:oak_log":1,"minecraft:apple":1,"minecraft:chicken":4,"minecraft:bread":11,"minecraft:stone_axe":128,"ecologics:coconut_slice":2,"minecraft:wooden_sword":115,"minecraft:cobblestone":48,"minecraft:porkchop":4,"born_in_chaos_v1:river_mint":1,"minecraft:yellow_bed":1,"quark:oak_chest":2,"minecraft:sea_pickle":1},"minecraft:crafted":{"minecraft:wooden_sword":2,"minecraft:oak_planks":210,"minecraft:stone_pickaxe":4,"minecraft:crafting_table":2,"minecraft:wooden_pickaxe":1,"minecraft:stone_axe":1,"minecraft:stick":52,"quark:oak_chest":2,"minecraft:wooden_axe":2},"minecraft:picked_up":{"luminousworld:groundpebbles_1":4,"minecraft:crafting_table":1,"minecraft:iron_chestplate":1,"minecraft:wheat":106,"minecraft:ladder":3,"minecraft:chicken":5,"born_in_chaos_v1:river_mint":2,"minecraft:clay_ball":5,"minecraft:prismarine_shard":3,"minecraft:oak_stairs":4,"minecraft:string":17,"minecraft:iron_leggings":1,"minecraft:sea_pickle":2,"minecraft:cracked_stone_bricks":3,"minecraft:tnt_minecart":1,"minecraft:cobbled_deepslate":18,"minecraft:rose_bush":33,"minecraft:poppy":1,"minecraft:iron_boots":2,"minecraft:stick":1,"minecraft:raw_iron":51,"minecraft:oak_door":2,"ecologics:coconut_slice":2,"minecraft:oak_fence":1,"minecraft:torch":12,"born_in_chaos_v1:pileof_dark_metal":1,"minecraft:porkchop":4,"born_in_chaos_v1:pieceofdarkmetal":1,"minecraft:diorite":4,"minecraft:carrot":66,"luminousworld:yellow_grassflowers":1,"minecraft:rotten_flesh":8,"minecraft:tropical_fish":1,"minecraft:beetroot_seeds":10,"minecraft:peony":21,"minecraft:white_terracotta":31,"supplementaries:ash":1,"minecraft:stripped_oak_log":1,"minecraft:mutton":3,"minecraft:rail":1,"minecraft:skeleton_skull":1,"minecraft:white_wool":1,"minecraft:cobblestone":75,"minecraft:oxeye_daisy":2,"born_in_chaos_v1:corpse_maggot":1,"minecraft:feather":5,"luminousworld:ishstone":17,"minecraft:brown_wool":2,"minecraft:potato":24,"minecraft:tuff":24,"minecraft:oak_log":59,"minecraft:yellow_bed":1,"minecraft:dirt":45,"minecraft:apple":1,"minecraft:bow":1,"minecraft:wheat_seeds":325,"minecraft:iron_sword":1,"minecraft:oak_planks":107,"minecraft:dandelion":1,"minecraft:spruce_sapling":3,"minecraft:white_bed":12,"minecraft:leather_helmet":2,"minecraft:spider_eye":3,"minecraft:mossy_cobblestone":3,"minecraft:iron_helmet":1,"minecraft:bread":11,"minecraft:oak_sapling":1,"minecraft:coal":89,"iceandfire:raw_silver":1},"minecraft:dropped":{"minecraft:wheat_seeds":323,"luminousworld:ishstone":17,"minecraft:feather":5,"minecraft:cobblestone":11,"minecraft:leather_helmet":2,"minecraft:oxeye_daisy":2,"minecraft:diorite":2,"tombstone:grave_key":1,"minecraft:rose_bush":33,"tombstone:grave_dust":2,"minecraft:white_wool":1,"minecraft:spruce_sapling":2,"minecraft:dandelion":1,"minecraft:raw_iron":51,"minecraft:oak_planks":23,"minecraft:stripped_oak_log":1,"minecraft:poppy":1,"minecraft:peony":21,"minecraft:skeleton_skull":1,"luminousworld:groundpebbles_1":4},"minecraft:custom":{"minecraft:mob_kills":21,"minecraft:interact_with_crafting_table":11,"minecraft:open_barrel":1,"minecraft:damage_dealt_resisted":287,"minecraft:leave_game":9,"minecraft:time_since_death":61737,"minecraft:climb_one_cm":19881,"minecraft:sprint_one_cm":572597,"minecraft:walk_one_cm":548043,"minecraft:drop":42,"minecraft:play_time":248959,"minecraft:deaths":10,"minecraft:sneak_time":2998,"minecraft:walk_under_water_one_cm":12261,"minecraft:boat_one_cm":88501,"minecraft:jump":3791,"minecraft:walk_on_water_one_cm":21967,"minecraft:total_world_time":248959,"minecraft:interact_with_furnace":1,"minecraft:sleep_in_bed":14,"minecraft:time_since_rest":3654,"minecraft:damage_taken":5014,"tombstone:sneak_grave":1,"minecraft:trigger_trapped_chest":1,"minecraft:damage_dealt":4210,"minecraft:swim_one_cm":38499,"minecraft:fly_one_cm":470719,"minecraft:player_kills":1,"minecraft:open_chest":31,"minecraft:crouch_one_cm":6994,"tombstone:undead_killed":6,"tombstone:villager_killed":1,"minecraft:fall_one_cm":89856},"minecraft:killed":{"born_in_chaos_v1:maggot":1,"minecraft:chicken":3,"born_in_chaos_v1:barrel_zombie":1,"minecraft:pig":2,"born_in_chaos_v1:bone_imp_minion":3,"minecraft:sheep":2,"iceandfire:ghost":2,"naturalist:sparrow":2,"minecraft:villager":1},"minecraft:mined":{"minecraft:tuff":24,"minecraft:white_bed":12,"iceandfire:silver_ore":1,"placeablesmod:potato_block_1":1,"minecraft:ladder":3,"minecraft:grass_block":21,"luminousworld:grassvariant_2":2,"minecraft:spruce_leaves":12,"luminousworld:groundpebbles_3":1,"minecraft:spawner":1,"minecraft:carrots":67,"luminousworld:yellow_grassflowers":1,"minecraft:iron_ore":49,"minecraft:fire":8,"minecraft:peony":13,"minecraft:potatoes":25,"minecraft:deepslate_iron_ore":2,"minecraft:vine":11,"minecraft:rail":2,"minecraft:oak_stairs":5,"minecraft:packed_ice":41,"luminousworld:groundpebbles_2":1,"minecraft:stone":46,"minecraft:glass_pane":1,"minecraft:oak_fence":1,"minecraft:crafting_table":1,"minecraft:torch":1,"minecraft:rose_bush":26,"minecraft:tall_grass":9,"minecraft:cobblestone":28,"minecraft:oak_planks":83,"minecraft:wall_torch":3,"minecraft:skeleton_skull":1,"minecraft:white_terracotta":31,"ecologics:seashell":1,"minecraft:sea_pickle":1,"minecraft:wheat":120,"born_in_chaos_v1:river_mint":1,"minecraft:yellow_bed":1,"minecraft:grass":20,"minecraft:oak_log":60,"minecraft:coal_ore":88,"luminousworld:ishstone":17,"minecraft:beetroots":9,"minecraft:dirt":5,"minecraft:cobweb":6,"minecraft:oak_leaves":21,"minecraft:deepslate":22}},"DataVersion":3465}