{"stats":{"minecraft:used":{"minecraft:dirt":1},"minecraft:picked_up":{"minecraft:dirt":1},"minecraft:mined":{"minecraft:grass_block":1},"minecraft:custom":{"minecraft:jump":33,"minecraft:time_since_rest":1803,"minecraft:leave_game":1,"minecraft:damage_dealt":65,"minecraft:crouch_one_cm":143,"minecraft:sprint_one_cm":3485,"minecraft:play_time":1803,"minecraft:damage_taken":20,"minecraft:time_since_death":1803,"minecraft:walk_one_cm":3212,"minecraft:sneak_time":18,"minecraft:total_world_time":1803,"minecraft:fall_one_cm":869,"minecraft:fly_one_cm":1202}},"DataVersion":3465}