{"stats":{"minecraft:used":{"minecraft:oak_log":1,"minecraft:dirt":4},"minecraft:mined":{"minecraft:grass_block":7,"minecraft:oak_log":6,"minecraft:dirt":1,"minecraft:oak_leaves":12},"minecraft:picked_up":{"minecraft:oak_log":6,"minecraft:dirt":8},"minecraft:killed_by":{"minecraft:player":1,"earthmobsmod:skeleton_wolf":1},"minecraft:custom":{"minecraft:time_since_rest":1,"minecraft:damage_taken":487,"minecraft:crouch_one_cm":603,"minecraft:sprint_one_cm":30084,"minecraft:play_time":12998,"minecraft:deaths":2,"minecraft:walk_one_cm":33523,"minecraft:sneak_time":111,"minecraft:walk_under_water_one_cm":1493,"minecraft:jump":255,"minecraft:damage_dealt":191,"minecraft:leave_game":2,"minecraft:walk_on_water_one_cm":125,"minecraft:time_since_death":179,"minecraft:total_world_time":12998,"minecraft:fall_one_cm":6941,"minecraft:fly_one_cm":17649}},"DataVersion":3465}