{"stats":{"minecraft:killed_by":{"born_in_chaos_v1:nightmare_stalker":1,"aether:valkyrie":1},"minecraft:picked_up":{"minecraft:wheat":210,"minecraft:crafting_table":2,"aether:aether_dirt":5,"minecraft:enchanted_book":1,"minecraft:shield":2,"minecraft:string":1,"minecraft:iron_leggings":1,"minecraft:beetroot":3,"minecraft:cobbled_deepslate":240,"minecraft:beef":2,"minecraft:rose_bush":2,"minecraft:sugar_cane":3,"minecraft:birch_sapling":2,"minecraft:furnace":1,"minecraft:beehive":1,"minecraft:stick":3,"minecraft:raw_iron":76,"minecraft:porkchop":2,"minecraft:pointed_dripstone":9,"tombstone:grave_dust":1,"minecraft:diorite":2,"born_in_chaos_v1:nightmare_claw":1,"minecraft:carrot":55,"aether:skyroot_pickaxe":1,"minecraft:arrow":1,"minecraft:rotten_flesh":3,"minecraft:beetroot_seeds":3,"minecraft:peony":1,"minecraft:glowstone":1,"minecraft:mutton":1,"minecraft:glow_berries":1,"minecraft:obsidian":5,"minecraft:white_wool":1,"minecraft:cobblestone":424,"minecraft:oxeye_daisy":5,"minecraft:birch_log":18,"minecraft:feather":2,"born_in_chaos_v1:monster_flesh":1,"minecraft:andesite":47,"luminousworld:ishstone":53,"minecraft:smoker":1,"minecraft:potato":19,"minecraft:flint":1,"minecraft:tuff":7,"minecraft:oak_log":42,"minecraft:lapis_lazuli":54,"minecraft:dirt":5,"minecraft:paper":1,"minecraft:white_banner":1,"born_in_chaos_v1:monster_skin":2,"minecraft:wheat_seeds":584,"aether:holystone":3,"minecraft:raw_gold":7,"minecraft:stone_pickaxe":1,"minecraft:gray_bed":1,"minecraft:book":1,"minecraft:gravel":28,"minecraft:spruce_sapling":1,"minecraft:diamond":43,"aether:ambrosium_shard":5,"minecraft:granite":17,"minecraft:crossbow":1,"aether:golden_amber":1,"minecraft:emerald":4,"minecraft:coal":107,"iceandfire:raw_silver":1},"minecraft:crafted":{"minecraft:oak_planks":40,"quark:birch_chest":1,"minecraft:furnace":1,"minecraft:iron_boots":1,"quark:cobblestone_bricks":8,"minecraft:stone_pickaxe":8,"minecraft:birch_door":3,"minecraft:diamond_sword":1,"minecraft:crafting_table":3,"minecraft:wooden_pickaxe":1,"minecraft:baked_potato":6,"minecraft:iron_helmet":1,"minecraft:iron_sword":1,"minecraft:birch_planks":48,"minecraft:stone_axe":1,"minecraft:bread":68,"minecraft:air":0,"minecraft:iron_chestplate":1,"minecraft:diamond_pickaxe":1,"minecraft:shield":3,"minecraft:stick":52,"quark:oak_chest":1,"minecraft:iron_ingot":70,"minecraft:iron_pickaxe":2,"minecraft:wooden_axe":1,"minecraft:stone_sword":1,"minecraft:iron_leggings":1,"minecraft:torch":40},"minecraft:killed":{"illagerinvasion:archivist":1,"aether:mimic":1,"undead_revamp2:thegliter":1,"aether:golden_swet":1,"illagerinvasion:marauder":2,"illagerinvasion:basher":1,"minecraft:skeleton":1,"born_in_chaos_v1:diamond_termite":1,"undead_revamp2:the_moonflower":1,"aether:sheepuff":1,"aether:phyg":1,"aether:flying_cow":1,"minecraft:pillager":1,"born_in_chaos_v1:dread_hound":1,"born_in_chaos_v1:nightmare_stalker":1},"minecraft:broken":{"minecraft:stone_pickaxe":6},"minecraft:custom":{"minecraft:mob_kills":16,"minecraft:interact_with_crafting_table":41,"minecraft:open_barrel":1,"minecraft:leave_game":3,"minecraft:time_since_death":790,"minecraft:climb_one_cm":13279,"minecraft:sprint_one_cm":261811,"minecraft:walk_one_cm":501273,"minecraft:damage_blocked_by_shield":2040,"minecraft:drop":47,"minecraft:play_time":214893,"minecraft:deaths":2,"minecraft:sneak_time":48430,"minecraft:walk_under_water_one_cm":5120,"minecraft:jump":2042,"minecraft:walk_on_water_one_cm":11204,"minecraft:total_world_time":214893,"minecraft:interact_with_furnace":32,"tombstone:raider_killed":5,"minecraft:raid_trigger":1,"minecraft:sleep_in_bed":4,"minecraft:time_since_rest":1,"minecraft:damage_taken":1894,"minecraft:damage_dealt":3442,"minecraft:swim_one_cm":11471,"minecraft:player_kills":1,"minecraft:fly_one_cm":183456,"minecraft:open_chest":35,"minecraft:crouch_one_cm":127717,"tombstone:undead_killed":3,"minecraft:interact_with_smoker":2,"minecraft:fall_one_cm":26281},"minecraft:dropped":{"minecraft:birch_planks":1,"minecraft:wheat_seeds":44,"minecraft:diamond":1,"minecraft:feather":1,"minecraft:granite":17,"minecraft:coal":16,"minecraft:stick":6,"minecraft:flint":1,"minecraft:oxeye_daisy":5,"born_in_chaos_v1:monster_flesh":1,"minecraft:dirt":5,"minecraft:torch":9,"minecraft:wooden_axe":1,"minecraft:rose_bush":2,"minecraft:string":1,"minecraft:white_wool":1,"minecraft:gravel":28,"alexsmobs:animal_dictionary":1,"minecraft:tuff":7,"minecraft:wheat":4,"minecraft:obsidian":5,"minecraft:pointed_dripstone":8,"minecraft:beetroot":3,"minecraft:rotten_flesh":2,"minecraft:oak_planks":4,"minecraft:beehive":1,"minecraft:shield":2,"minecraft:peony":1,"minecraft:beetroot_seeds":3,"minecraft:andesite":46,"aether:holystone":1,"minecraft:beef":2,"minecraft:arrow":1,"minecraft:wooden_pickaxe":1,"minecraft:stone_pickaxe":2},"minecraft:used":{"quark:birch_chest":1,"minecraft:stone_sword":15,"aether:aether_dirt":5,"minecraft:shield":45,"minecraft:iron_sword":73,"minecraft:iron_chestplate":1,"minecraft:torch":24,"minecraft:carrot":31,"minecraft:birch_door":3,"minecraft:wooden_axe":17,"minecraft:furnace":2,"minecraft:gray_bed":1,"tombstone:gift":4,"minecraft:cobbled_deepslate":2,"aether:holystone":1,"minecraft:iron_leggings":1,"minecraft:pointed_dripstone":1,"minecraft:wheat_seeds":340,"minecraft:diorite":2,"quark:cobblestone_bricks":8,"minecraft:baked_potato":6,"minecraft:stone_pickaxe":849,"minecraft:wooden_pickaxe":20,"luminousworld:ishstone":53,"minecraft:glow_berries":1,"aether:skyroot_pickaxe":1,"minecraft:crafting_table":5,"minecraft:smoker":1,"minecraft:diamond_pickaxe":6,"minecraft:bread":19,"minecraft:iron_pickaxe":212,"minecraft:stone_axe":53,"minecraft:diamond_sword":41,"minecraft:cobblestone":243,"aether:golden_parachute":9,"quark:oak_chest":1,"alexsmobs:animal_dictionary":1},"minecraft:mined":{"minecraft:diamond_ore":7,"minecraft:tuff":7,"iceandfire:silver_ore":1,"minecraft:deepslate_diamond_ore":37,"minecraft:obsidian":6,"minecraft:granite":17,"placeablesmod:carrot_block_1":1,"placeablesmod:carrot_block_3":1,"luminousworld:grassvariant_2":1,"minecraft:spruce_leaves":2,"minecraft:oxeye_daisy":1,"aether:aether_dirt":6,"minecraft:furnace":1,"minecraft:carrots":14,"minecraft:iron_ore":70,"minecraft:fire":4,"minecraft:andesite":46,"minecraft:peony":5,"minecraft:pointed_dripstone":23,"minecraft:potatoes":5,"minecraft:deepslate_iron_ore":6,"minecraft:stone":409,"aether:holystone":3,"minecraft:crafting_table":2,"minecraft:rose_bush":5,"minecraft:tall_grass":8,"minecraft:cobblestone":16,"minecraft:lapis_ore":8,"minecraft:deepslate_gold_ore":5,"minecraft:sugar_cane":1,"minecraft:diorite":2,"minecraft:birch_log":18,"minecraft:wheat":232,"minecraft:gray_bed":1,"minecraft:birch_leaves":8,"minecraft:grass":7,"minecraft:oak_log":42,"minecraft:coal_ore":91,"luminousworld:ishstone":53,"minecraft:beetroots":1,"minecraft:gravel":29,"minecraft:dirt":5,"luminousworld:grassvariant_3":2,"minecraft:cobweb":2,"aether:ambrosium_ore":9,"minecraft:oak_leaves":4,"minecraft:deepslate":236}},"DataVersion":3465}