{"stats":{"minecraft:used":{"minecraft:wheat_seeds":163,"minecraft:diorite":2,"minecraft:stone_sword":15,"quark:birch_chest":1,"minecraft:stone_pickaxe":843,"minecraft:baked_potato":2,"minecraft:shield":39,"minecraft:wooden_pickaxe":20,"minecraft:iron_sword":29,"luminousworld:ishstone":53,"minecraft:iron_chestplate":1,"minecraft:torch":24,"minecraft:glow_berries":1,"minecraft:crafting_table":5,"minecraft:carrot":31,"minecraft:wooden_axe":17,"minecraft:diamond_pickaxe":6,"minecraft:bread":3,"minecraft:iron_pickaxe":93,"minecraft:stone_axe":1,"minecraft:diamond_sword":10,"minecraft:cobblestone":92,"minecraft:furnace":2,"minecraft:gray_bed":1,"tombstone:gift":4,"quark:oak_chest":1,"alexsmobs:animal_dictionary":1,"minecraft:cobbled_deepslate":2,"minecraft:pointed_dripstone":1},"minecraft:mined":{"minecraft:diamond_ore":7,"minecraft:tuff":7,"iceandfire:silver_ore":1,"minecraft:deepslate_diamond_ore":22,"minecraft:obsidian":6,"minecraft:crafting_table":2,"minecraft:granite":17,"placeablesmod:carrot_block_1":1,"placeablesmod:carrot_block_3":1,"minecraft:cobblestone":6,"minecraft:tall_grass":1,"minecraft:deepslate_gold_ore":5,"minecraft:lapis_ore":8,"minecraft:diorite":2,"minecraft:furnace":1,"minecraft:carrots":4,"minecraft:fire":4,"minecraft:birch_log":10,"minecraft:iron_ore":70,"minecraft:wheat":131,"minecraft:gray_bed":1,"minecraft:andesite":46,"minecraft:pointed_dripstone":23,"minecraft:grass":2,"minecraft:oak_log":10,"minecraft:potatoes":1,"minecraft:coal_ore":91,"luminousworld:ishstone":53,"minecraft:beetroots":1,"minecraft:gravel":29,"minecraft:dirt":5,"luminousworld:grassvariant_3":2,"minecraft:cobweb":2,"minecraft:stone":405,"minecraft:deepslate":160},"minecraft:dropped":{"minecraft:gravel":28,"minecraft:birch_planks":1,"minecraft:wheat_seeds":11,"alexsmobs:animal_dictionary":1,"minecraft:wheat":2,"minecraft:pointed_dripstone":8,"minecraft:tuff":7,"minecraft:beetroot":1,"minecraft:rotten_flesh":2,"minecraft:oak_planks":4,"minecraft:granite":17,"minecraft:coal":16,"minecraft:stick":6,"minecraft:flint":1,"born_in_chaos_v1:monster_flesh":1,"minecraft:dirt":5,"minecraft:torch":9,"minecraft:andesite":46,"minecraft:beetroot_seeds":3,"minecraft:wooden_axe":1,"minecraft:stone_pickaxe":1,"minecraft:wooden_pickaxe":1,"minecraft:string":1},"minecraft:picked_up":{"minecraft:birch_log":10,"minecraft:crafting_table":2,"minecraft:wheat":119,"born_in_chaos_v1:monster_flesh":1,"minecraft:andesite":47,"luminousworld:ishstone":53,"minecraft:smoker":1,"minecraft:potato":4,"minecraft:enchanted_book":1,"minecraft:flint":1,"minecraft:tuff":7,"minecraft:oak_log":10,"minecraft:string":1,"minecraft:lapis_lazuli":54,"minecraft:dirt":5,"born_in_chaos_v1:monster_skin":2,"minecraft:beetroot":1,"minecraft:wheat_seeds":320,"minecraft:cobbled_deepslate":165,"minecraft:raw_gold":7,"minecraft:stone_pickaxe":1,"minecraft:gray_bed":1,"minecraft:furnace":1,"minecraft:stick":3,"minecraft:raw_iron":70,"minecraft:gravel":28,"tombstone:grave_dust":1,"minecraft:pointed_dripstone":9,"minecraft:diorite":2,"born_in_chaos_v1:nightmare_claw":1,"minecraft:carrot":18,"minecraft:rotten_flesh":2,"minecraft:diamond":29,"minecraft:beetroot_seeds":3,"minecraft:granite":17,"minecraft:glow_berries":1,"minecraft:obsidian":5,"minecraft:coal":107,"iceandfire:raw_silver":1,"minecraft:cobblestone":409},"minecraft:killed_by":{"born_in_chaos_v1:nightmare_stalker":1},"minecraft:custom":{"minecraft:interact_with_furnace":26,"minecraft:mob_kills":6,"minecraft:interact_with_crafting_table":34,"minecraft:open_barrel":1,"minecraft:time_since_death":8277,"minecraft:time_since_rest":7981,"minecraft:sprint_one_cm":108222,"minecraft:damage_taken":882,"minecraft:walk_one_cm":247389,"minecraft:damage_blocked_by_shield":1800,"minecraft:drop":27,"minecraft:damage_dealt":1728,"minecraft:swim_one_cm":10435,"minecraft:fly_one_cm":65116,"minecraft:deaths":1,"minecraft:open_chest":14,"minecraft:crouch_one_cm":91432,"minecraft:play_time":107891,"tombstone:undead_killed":3,"minecraft:sneak_time":35779,"minecraft:walk_under_water_one_cm":1688,"minecraft:jump":1053,"minecraft:walk_on_water_one_cm":2737,"minecraft:interact_with_smoker":1,"minecraft:total_world_time":107891,"minecraft:fall_one_cm":9590},"minecraft:broken":{"minecraft:stone_pickaxe":6},"minecraft:killed":{"born_in_chaos_v1:diamond_termite":1,"undead_revamp2:thegliter":1,"undead_revamp2:the_moonflower":1,"minecraft:skeleton":1,"born_in_chaos_v1:dread_hound":1,"born_in_chaos_v1:nightmare_stalker":1},"minecraft:crafted":{"minecraft:oak_planks":40,"minecraft:diamond_sword":1,"quark:birch_chest":1,"minecraft:crafting_table":3,"minecraft:wooden_pickaxe":1,"minecraft:baked_potato":4,"minecraft:iron_helmet":1,"minecraft:iron_sword":1,"minecraft:furnace":1,"minecraft:birch_planks":40,"minecraft:stone_axe":1,"minecraft:bread":38,"minecraft:air":0,"minecraft:diamond_pickaxe":1,"minecraft:iron_boots":1,"minecraft:iron_chestplate":1,"minecraft:shield":1,"minecraft:stick":48,"quark:oak_chest":1,"minecraft:iron_ingot":70,"minecraft:iron_pickaxe":1,"minecraft:stone_pickaxe":8,"minecraft:wooden_axe":1,"minecraft:stone_sword":1,"minecraft:iron_leggings":1,"minecraft:torch":40}},"DataVersion":3465}