{"stats":{"minecraft:used":{"minecraft:wooden_axe":17,"minecraft:crafting_table":1,"alexsmobs:animal_dictionary":1,"minecraft:wooden_pickaxe":17},"minecraft:mined":{"minecraft:oak_log":10,"minecraft:birch_log":10,"minecraft:stone":17,"minecraft:crafting_table":1},"minecraft:picked_up":{"minecraft:birch_log":10,"minecraft:crafting_table":1,"minecraft:oak_log":10,"minecraft:cobblestone":16},"minecraft:custom":{"minecraft:time_since_rest":5891,"minecraft:crouch_one_cm":3764,"minecraft:play_time":5891,"minecraft:sprint_one_cm":10713,"minecraft:damage_taken":40,"minecraft:walk_one_cm":5402,"minecraft:sneak_time":1212,"minecraft:walk_under_water_one_cm":1545,"minecraft:jump":50,"minecraft:walk_on_water_one_cm":1547,"minecraft:time_since_death":5891,"minecraft:total_world_time":5891,"minecraft:swim_one_cm":8624,"minecraft:fall_one_cm":1588,"minecraft:interact_with_crafting_table":1,"minecraft:fly_one_cm":9183},"minecraft:crafted":{"minecraft:birch_planks":16,"minecraft:crafting_table":1,"minecraft:stick":8,"minecraft:wooden_pickaxe":1,"minecraft:wooden_axe":1}},"DataVersion":3465}