{"stats":{"minecraft:used":{"minecraft:wheat_seeds":100,"minecraft:diorite":2,"minecraft:stone_sword":7,"quark:birch_chest":1,"minecraft:stone_pickaxe":657,"minecraft:shield":2,"minecraft:wooden_pickaxe":20,"luminousworld:ishstone":15,"minecraft:iron_chestplate":1,"minecraft:torch":13,"minecraft:crafting_table":3,"minecraft:carrot":3,"minecraft:wooden_axe":17,"minecraft:bread":2,"minecraft:iron_pickaxe":23,"minecraft:stone_axe":1,"minecraft:furnace":2,"alexsmobs:animal_dictionary":1},"minecraft:mined":{"minecraft:diamond_ore":7,"iceandfire:silver_ore":1,"minecraft:deepslate_diamond_ore":2,"minecraft:crafting_table":2,"minecraft:granite":17,"minecraft:tall_grass":1,"minecraft:lapis_ore":8,"minecraft:diorite":2,"minecraft:furnace":1,"minecraft:carrots":4,"minecraft:birch_log":10,"minecraft:iron_ore":70,"minecraft:wheat":68,"minecraft:andesite":46,"minecraft:grass":2,"minecraft:oak_log":10,"minecraft:potatoes":1,"minecraft:coal_ore":91,"luminousworld:ishstone":53,"minecraft:beetroots":1,"minecraft:gravel":29,"minecraft:dirt":5,"luminousworld:grassvariant_3":2,"minecraft:stone":366,"minecraft:deepslate":3},"minecraft:dropped":{"minecraft:gravel":28,"minecraft:birch_planks":1,"alexsmobs:animal_dictionary":1,"minecraft:beetroot":1,"minecraft:granite":17,"minecraft:flint":1,"minecraft:dirt":5,"minecraft:andesite":45,"minecraft:beetroot_seeds":3,"minecraft:wooden_axe":1,"minecraft:wooden_pickaxe":1},"minecraft:picked_up":{"minecraft:birch_log":10,"minecraft:crafting_table":2,"minecraft:wheat":68,"minecraft:andesite":46,"luminousworld:ishstone":53,"minecraft:potato":4,"minecraft:flint":1,"minecraft:oak_log":10,"minecraft:lapis_lazuli":54,"minecraft:dirt":5,"minecraft:beetroot":1,"minecraft:wheat_seeds":183,"minecraft:cobbled_deepslate":3,"minecraft:furnace":1,"minecraft:raw_iron":70,"minecraft:gravel":28,"minecraft:diorite":2,"minecraft:carrot":14,"minecraft:diamond":9,"minecraft:beetroot_seeds":3,"minecraft:granite":17,"minecraft:coal":91,"iceandfire:raw_silver":1,"minecraft:cobblestone":366},"minecraft:custom":{"minecraft:interact_with_furnace":25,"minecraft:mob_kills":1,"minecraft:interact_with_crafting_table":24,"minecraft:time_since_death":53891,"minecraft:time_since_rest":53891,"minecraft:sprint_one_cm":63892,"minecraft:damage_taken":54,"minecraft:walk_one_cm":110000,"minecraft:damage_blocked_by_shield":60,"minecraft:drop":11,"minecraft:damage_dealt":200,"minecraft:swim_one_cm":10435,"minecraft:fly_one_cm":34929,"minecraft:open_chest":9,"minecraft:crouch_one_cm":49377,"minecraft:play_time":53891,"tombstone:undead_killed":1,"minecraft:sneak_time":19263,"minecraft:walk_under_water_one_cm":1688,"minecraft:jump":385,"minecraft:walk_on_water_one_cm":2276,"minecraft:total_world_time":53891,"minecraft:fall_one_cm":4154},"minecraft:broken":{"minecraft:stone_pickaxe":5},"minecraft:killed":{"minecraft:skeleton":1},"minecraft:crafted":{"minecraft:oak_planks":4,"minecraft:diamond_sword":1,"quark:birch_chest":1,"minecraft:crafting_table":1,"minecraft:wooden_pickaxe":1,"minecraft:baked_potato":4,"minecraft:iron_helmet":1,"minecraft:furnace":1,"minecraft:birch_planks":40,"minecraft:stone_axe":1,"minecraft:bread":22,"minecraft:air":0,"minecraft:iron_boots":1,"minecraft:iron_chestplate":1,"minecraft:shield":1,"minecraft:stick":32,"minecraft:iron_ingot":70,"minecraft:iron_pickaxe":1,"minecraft:stone_pickaxe":6,"minecraft:wooden_axe":1,"minecraft:stone_sword":1,"minecraft:iron_leggings":1,"minecraft:torch":16}},"DataVersion":3465}