{"stats":{"minecraft:used":{"minecraft:wheat_seeds":100,"minecraft:wooden_axe":17,"minecraft:bread":2,"minecraft:stone_pickaxe":183,"minecraft:wooden_pickaxe":20,"minecraft:crafting_table":2,"minecraft:furnace":1,"alexsmobs:animal_dictionary":1},"minecraft:mined":{"minecraft:carrots":4,"minecraft:iron_ore":3,"minecraft:birch_log":10,"minecraft:wheat":68,"minecraft:andesite":5,"minecraft:crafting_table":1,"minecraft:grass":2,"minecraft:coal_ore":44,"minecraft:potatoes":1,"minecraft:oak_log":10,"minecraft:beetroots":1,"minecraft:gravel":4,"minecraft:dirt":1,"luminousworld:grassvariant_3":2,"minecraft:stone":145,"minecraft:diorite":2},"minecraft:dropped":{"alexsmobs:animal_dictionary":1,"minecraft:beetroot_seeds":3,"minecraft:beetroot":1,"minecraft:wooden_pickaxe":1},"minecraft:picked_up":{"minecraft:birch_log":10,"minecraft:raw_iron":3,"minecraft:crafting_table":1,"minecraft:wheat":68,"minecraft:andesite":5,"minecraft:potato":4,"minecraft:gravel":4,"minecraft:oak_log":10,"minecraft:diorite":2,"minecraft:carrot":14,"minecraft:dirt":1,"minecraft:beetroot":1,"minecraft:beetroot_seeds":3,"minecraft:wheat_seeds":182,"minecraft:coal":44,"minecraft:cobblestone":145},"minecraft:custom":{"minecraft:time_since_rest":17891,"minecraft:interact_with_furnace":5,"minecraft:sprint_one_cm":29190,"minecraft:damage_taken":40,"minecraft:walk_one_cm":36654,"minecraft:drop":4,"minecraft:swim_one_cm":10435,"minecraft:interact_with_crafting_table":5,"minecraft:fly_one_cm":30526,"minecraft:crouch_one_cm":13417,"minecraft:play_time":17891,"minecraft:sneak_time":5495,"minecraft:walk_under_water_one_cm":1688,"minecraft:jump":155,"minecraft:time_since_death":17891,"minecraft:walk_on_water_one_cm":2276,"minecraft:total_world_time":17891,"minecraft:fall_one_cm":3527},"minecraft:broken":{"minecraft:stone_pickaxe":1},"minecraft:crafted":{"minecraft:crafting_table":1,"minecraft:stick":16,"minecraft:baked_potato":4,"minecraft:wooden_pickaxe":1,"minecraft:stone_pickaxe":2,"minecraft:wooden_axe":1,"minecraft:stone_sword":1,"minecraft:furnace":1,"minecraft:birch_planks":40,"minecraft:stone_axe":1,"minecraft:air":0,"minecraft:bread":22}},"DataVersion":3465}