{"stats":{"minecraft:used":{"minecraft:wheat_seeds":100,"minecraft:diorite":2,"minecraft:stone_pickaxe":396,"minecraft:wooden_pickaxe":20,"minecraft:iron_chestplate":1,"minecraft:torch":6,"minecraft:crafting_table":3,"minecraft:carrot":2,"minecraft:wooden_axe":17,"minecraft:bread":2,"minecraft:iron_pickaxe":1,"minecraft:stone_axe":1,"minecraft:furnace":2,"alexsmobs:animal_dictionary":1},"minecraft:mined":{"minecraft:crafting_table":2,"minecraft:granite":17,"minecraft:diorite":2,"minecraft:furnace":1,"minecraft:carrots":4,"minecraft:birch_log":10,"minecraft:iron_ore":32,"minecraft:wheat":68,"minecraft:andesite":29,"minecraft:grass":2,"minecraft:oak_log":10,"minecraft:potatoes":1,"minecraft:coal_ore":70,"luminousworld:ishstone":35,"minecraft:beetroots":1,"minecraft:gravel":29,"minecraft:dirt":2,"luminousworld:grassvariant_3":2,"minecraft:stone":201},"minecraft:dropped":{"alexsmobs:animal_dictionary":1,"minecraft:beetroot":1,"minecraft:beetroot_seeds":3,"minecraft:wooden_axe":1,"minecraft:wooden_pickaxe":1},"minecraft:picked_up":{"minecraft:birch_log":10,"minecraft:crafting_table":2,"minecraft:wheat":68,"minecraft:andesite":29,"luminousworld:ishstone":35,"minecraft:potato":4,"minecraft:flint":1,"minecraft:oak_log":10,"minecraft:dirt":2,"minecraft:beetroot":1,"minecraft:wheat_seeds":182,"minecraft:furnace":1,"minecraft:raw_iron":32,"minecraft:gravel":28,"minecraft:diorite":2,"minecraft:carrot":14,"minecraft:beetroot_seeds":3,"minecraft:granite":17,"minecraft:coal":69,"minecraft:cobblestone":201},"minecraft:custom":{"minecraft:interact_with_furnace":17,"minecraft:interact_with_crafting_table":17,"minecraft:time_since_death":29891,"minecraft:time_since_rest":29891,"minecraft:sprint_one_cm":35183,"minecraft:damage_taken":40,"minecraft:walk_one_cm":55049,"minecraft:drop":5,"minecraft:swim_one_cm":10435,"minecraft:fly_one_cm":31196,"minecraft:crouch_one_cm":26719,"minecraft:play_time":29891,"minecraft:sneak_time":10456,"minecraft:walk_under_water_one_cm":1688,"minecraft:jump":203,"minecraft:walk_on_water_one_cm":2276,"minecraft:total_world_time":29891,"minecraft:fall_one_cm":3527},"minecraft:broken":{"minecraft:stone_pickaxe":3},"minecraft:crafted":{"minecraft:crafting_table":1,"minecraft:wooden_pickaxe":1,"minecraft:baked_potato":4,"minecraft:iron_helmet":1,"minecraft:furnace":1,"minecraft:birch_planks":40,"minecraft:stone_axe":1,"minecraft:bread":22,"minecraft:air":0,"minecraft:iron_boots":1,"minecraft:iron_chestplate":1,"minecraft:shield":1,"minecraft:stick":24,"minecraft:iron_ingot":32,"minecraft:iron_pickaxe":1,"minecraft:stone_pickaxe":5,"minecraft:wooden_axe":1,"minecraft:stone_sword":1,"minecraft:iron_leggings":1,"minecraft:torch":8}},"DataVersion":3465}