{"stats":{"minecraft:used":{"minecraft:wheat_seeds":100,"minecraft:diorite":2,"minecraft:stone_sword":15,"quark:birch_chest":1,"minecraft:stone_pickaxe":794,"minecraft:shield":2,"minecraft:wooden_pickaxe":20,"luminousworld:ishstone":43,"minecraft:iron_chestplate":1,"minecraft:torch":17,"minecraft:crafting_table":4,"minecraft:carrot":11,"minecraft:wooden_axe":17,"minecraft:bread":2,"minecraft:iron_pickaxe":92,"minecraft:stone_axe":1,"minecraft:furnace":2,"alexsmobs:animal_dictionary":1,"minecraft:cobbled_deepslate":2},"minecraft:mined":{"minecraft:diamond_ore":7,"minecraft:tuff":7,"iceandfire:silver_ore":1,"minecraft:deepslate_diamond_ore":22,"minecraft:crafting_table":2,"minecraft:granite":17,"minecraft:tall_grass":1,"minecraft:deepslate_gold_ore":5,"minecraft:lapis_ore":8,"minecraft:diorite":2,"minecraft:furnace":1,"minecraft:carrots":4,"minecraft:birch_log":10,"minecraft:iron_ore":70,"minecraft:wheat":68,"minecraft:andesite":46,"minecraft:grass":2,"minecraft:oak_log":10,"minecraft:potatoes":1,"minecraft:coal_ore":91,"luminousworld:ishstone":53,"minecraft:beetroots":1,"minecraft:gravel":29,"minecraft:dirt":5,"luminousworld:grassvariant_3":2,"minecraft:stone":383,"minecraft:deepslate":160},"minecraft:dropped":{"minecraft:gravel":28,"minecraft:birch_planks":1,"alexsmobs:animal_dictionary":1,"minecraft:beetroot":1,"minecraft:granite":17,"minecraft:coal":16,"minecraft:flint":1,"minecraft:dirt":5,"minecraft:torch":9,"minecraft:andesite":45,"minecraft:beetroot_seeds":3,"minecraft:wooden_axe":1,"minecraft:wooden_pickaxe":1},"minecraft:picked_up":{"minecraft:birch_log":10,"minecraft:crafting_table":2,"minecraft:wheat":68,"minecraft:andesite":46,"luminousworld:ishstone":53,"minecraft:potato":4,"minecraft:flint":1,"minecraft:tuff":7,"minecraft:oak_log":10,"minecraft:lapis_lazuli":54,"minecraft:dirt":5,"minecraft:beetroot":1,"minecraft:wheat_seeds":183,"minecraft:cobbled_deepslate":165,"minecraft:raw_gold":7,"minecraft:furnace":1,"minecraft:raw_iron":70,"minecraft:gravel":28,"minecraft:diorite":2,"minecraft:carrot":14,"minecraft:diamond":29,"minecraft:beetroot_seeds":3,"minecraft:granite":17,"minecraft:coal":107,"iceandfire:raw_silver":1,"minecraft:cobblestone":383},"minecraft:custom":{"minecraft:interact_with_furnace":25,"minecraft:mob_kills":1,"minecraft:interact_with_crafting_table":27,"minecraft:time_since_death":71891,"minecraft:time_since_rest":71891,"minecraft:sprint_one_cm":70340,"minecraft:damage_taken":219,"minecraft:walk_one_cm":135578,"minecraft:damage_blocked_by_shield":60,"minecraft:drop":13,"minecraft:damage_dealt":302,"minecraft:swim_one_cm":10435,"minecraft:fly_one_cm":36581,"minecraft:open_chest":9,"minecraft:crouch_one_cm":64607,"minecraft:play_time":71891,"tombstone:undead_killed":1,"minecraft:sneak_time":27370,"minecraft:walk_under_water_one_cm":1688,"minecraft:jump":560,"minecraft:walk_on_water_one_cm":2276,"minecraft:total_world_time":71891,"minecraft:fall_one_cm":5244},"minecraft:broken":{"minecraft:stone_pickaxe":6},"minecraft:killed":{"minecraft:skeleton":1},"minecraft:crafted":{"minecraft:oak_planks":16,"minecraft:diamond_sword":1,"quark:birch_chest":1,"minecraft:crafting_table":2,"minecraft:wooden_pickaxe":1,"minecraft:baked_potato":4,"minecraft:iron_helmet":1,"minecraft:iron_sword":1,"minecraft:furnace":1,"minecraft:birch_planks":40,"minecraft:stone_axe":1,"minecraft:bread":22,"minecraft:air":0,"minecraft:diamond_pickaxe":1,"minecraft:iron_boots":1,"minecraft:iron_chestplate":1,"minecraft:shield":1,"minecraft:stick":40,"minecraft:iron_ingot":70,"minecraft:iron_pickaxe":1,"minecraft:stone_pickaxe":8,"minecraft:wooden_axe":1,"minecraft:stone_sword":1,"minecraft:iron_leggings":1,"minecraft:torch":32}},"DataVersion":3465}