{"stats":{"minecraft:used":{"minecraft:wheat_seeds":100,"minecraft:diorite":2,"quark:birch_chest":1,"minecraft:stone_pickaxe":652,"minecraft:wooden_pickaxe":20,"luminousworld:ishstone":8,"minecraft:iron_chestplate":1,"minecraft:torch":11,"minecraft:crafting_table":3,"minecraft:carrot":2,"minecraft:wooden_axe":17,"minecraft:bread":2,"minecraft:iron_pickaxe":14,"minecraft:stone_axe":1,"minecraft:furnace":2,"alexsmobs:animal_dictionary":1},"minecraft:mined":{"minecraft:diamond_ore":6,"iceandfire:silver_ore":1,"minecraft:crafting_table":2,"minecraft:granite":17,"minecraft:lapis_ore":7,"minecraft:diorite":2,"minecraft:furnace":1,"minecraft:carrots":4,"minecraft:birch_log":10,"minecraft:iron_ore":70,"minecraft:wheat":68,"minecraft:andesite":46,"minecraft:grass":2,"minecraft:oak_log":10,"minecraft:potatoes":1,"minecraft:coal_ore":91,"luminousworld:ishstone":50,"minecraft:beetroots":1,"minecraft:gravel":29,"minecraft:dirt":5,"luminousworld:grassvariant_3":2,"minecraft:stone":360,"minecraft:deepslate":2},"minecraft:dropped":{"minecraft:gravel":28,"minecraft:birch_planks":1,"alexsmobs:animal_dictionary":1,"minecraft:beetroot":1,"minecraft:granite":17,"minecraft:flint":1,"minecraft:dirt":5,"minecraft:andesite":45,"minecraft:beetroot_seeds":3,"minecraft:wooden_axe":1,"minecraft:wooden_pickaxe":1},"minecraft:picked_up":{"minecraft:birch_log":10,"minecraft:crafting_table":2,"minecraft:wheat":68,"minecraft:andesite":46,"luminousworld:ishstone":50,"minecraft:potato":4,"minecraft:flint":1,"minecraft:oak_log":10,"minecraft:lapis_lazuli":49,"minecraft:dirt":5,"minecraft:beetroot":1,"minecraft:wheat_seeds":182,"minecraft:cobbled_deepslate":2,"minecraft:furnace":1,"minecraft:raw_iron":70,"minecraft:gravel":28,"minecraft:diorite":2,"minecraft:carrot":14,"minecraft:diamond":6,"minecraft:beetroot_seeds":3,"minecraft:granite":17,"minecraft:coal":91,"iceandfire:raw_silver":1,"minecraft:cobblestone":360},"minecraft:custom":{"minecraft:interact_with_furnace":19,"minecraft:interact_with_crafting_table":20,"minecraft:time_since_death":41891,"minecraft:time_since_rest":41891,"minecraft:sprint_one_cm":51196,"minecraft:damage_taken":40,"minecraft:walk_one_cm":75014,"minecraft:drop":11,"minecraft:swim_one_cm":10435,"minecraft:fly_one_cm":32178,"minecraft:open_chest":3,"minecraft:crouch_one_cm":43357,"minecraft:play_time":41891,"minecraft:sneak_time":17671,"minecraft:walk_under_water_one_cm":1688,"minecraft:jump":251,"minecraft:walk_on_water_one_cm":2276,"minecraft:total_world_time":41891,"minecraft:fall_one_cm":3527},"minecraft:broken":{"minecraft:stone_pickaxe":4},"minecraft:crafted":{"minecraft:oak_planks":4,"quark:birch_chest":1,"minecraft:crafting_table":1,"minecraft:wooden_pickaxe":1,"minecraft:baked_potato":4,"minecraft:iron_helmet":1,"minecraft:furnace":1,"minecraft:birch_planks":40,"minecraft:stone_axe":1,"minecraft:bread":22,"minecraft:air":0,"minecraft:iron_boots":1,"minecraft:iron_chestplate":1,"minecraft:shield":1,"minecraft:stick":32,"minecraft:iron_ingot":43,"minecraft:iron_pickaxe":1,"minecraft:stone_pickaxe":6,"minecraft:wooden_axe":1,"minecraft:stone_sword":1,"minecraft:iron_leggings":1,"minecraft:torch":12}},"DataVersion":3465}