{"stats":{"minecraft:used":{"minecraft:wheat_seeds":100,"minecraft:diorite":2,"minecraft:stone_sword":15,"quark:birch_chest":1,"minecraft:stone_pickaxe":794,"minecraft:shield":2,"minecraft:wooden_pickaxe":20,"minecraft:iron_sword":15,"luminousworld:ishstone":53,"minecraft:iron_chestplate":1,"minecraft:torch":21,"minecraft:crafting_table":4,"minecraft:carrot":31,"minecraft:wooden_axe":17,"minecraft:diamond_pickaxe":6,"minecraft:bread":2,"minecraft:iron_pickaxe":93,"minecraft:stone_axe":1,"minecraft:diamond_sword":7,"minecraft:cobblestone":76,"minecraft:furnace":2,"alexsmobs:animal_dictionary":1,"minecraft:cobbled_deepslate":2},"minecraft:mined":{"minecraft:diamond_ore":7,"minecraft:tuff":7,"iceandfire:silver_ore":1,"minecraft:deepslate_diamond_ore":22,"minecraft:obsidian":6,"minecraft:crafting_table":2,"minecraft:granite":17,"placeablesmod:carrot_block_1":1,"placeablesmod:carrot_block_3":1,"minecraft:cobblestone":1,"minecraft:tall_grass":1,"minecraft:deepslate_gold_ore":5,"minecraft:lapis_ore":8,"minecraft:diorite":2,"minecraft:furnace":1,"minecraft:carrots":4,"minecraft:fire":4,"minecraft:birch_log":10,"minecraft:iron_ore":70,"minecraft:wheat":68,"minecraft:gray_bed":1,"minecraft:andesite":46,"minecraft:grass":2,"minecraft:oak_log":10,"minecraft:potatoes":1,"minecraft:coal_ore":91,"luminousworld:ishstone":53,"minecraft:beetroots":1,"minecraft:gravel":29,"minecraft:dirt":5,"luminousworld:grassvariant_3":2,"minecraft:cobweb":2,"minecraft:stone":383,"minecraft:deepslate":160},"minecraft:dropped":{"minecraft:gravel":28,"minecraft:birch_planks":1,"alexsmobs:animal_dictionary":1,"minecraft:beetroot":1,"minecraft:oak_planks":4,"minecraft:granite":17,"minecraft:coal":16,"minecraft:stick":6,"minecraft:flint":1,"minecraft:dirt":5,"minecraft:torch":9,"minecraft:andesite":45,"minecraft:beetroot_seeds":3,"minecraft:wooden_axe":1,"minecraft:wooden_pickaxe":1},"minecraft:picked_up":{"minecraft:birch_log":10,"minecraft:crafting_table":2,"minecraft:wheat":68,"minecraft:andesite":46,"luminousworld:ishstone":53,"minecraft:smoker":1,"minecraft:potato":4,"minecraft:flint":1,"minecraft:tuff":7,"minecraft:oak_log":10,"minecraft:string":1,"minecraft:lapis_lazuli":54,"minecraft:dirt":5,"minecraft:beetroot":1,"minecraft:wheat_seeds":183,"minecraft:cobbled_deepslate":165,"minecraft:raw_gold":7,"minecraft:gray_bed":1,"minecraft:furnace":1,"minecraft:stick":3,"minecraft:raw_iron":70,"minecraft:gravel":28,"minecraft:diorite":2,"minecraft:carrot":18,"minecraft:rotten_flesh":1,"minecraft:diamond":29,"minecraft:beetroot_seeds":3,"minecraft:granite":17,"minecraft:obsidian":5,"minecraft:coal":107,"iceandfire:raw_silver":1,"minecraft:cobblestone":384},"minecraft:custom":{"minecraft:interact_with_furnace":25,"minecraft:mob_kills":3,"minecraft:interact_with_crafting_table":27,"minecraft:open_barrel":1,"minecraft:time_since_death":83891,"minecraft:time_since_rest":83891,"minecraft:sprint_one_cm":75091,"minecraft:damage_taken":578,"minecraft:walk_one_cm":165706,"minecraft:damage_blocked_by_shield":60,"minecraft:drop":16,"minecraft:damage_dealt":854,"minecraft:swim_one_cm":10435,"minecraft:fly_one_cm":40505,"minecraft:open_chest":9,"minecraft:crouch_one_cm":81839,"minecraft:play_time":83891,"tombstone:undead_killed":2,"minecraft:sneak_time":32754,"minecraft:walk_under_water_one_cm":1688,"minecraft:jump":710,"minecraft:walk_on_water_one_cm":2382,"minecraft:interact_with_smoker":1,"minecraft:total_world_time":83891,"minecraft:fall_one_cm":6266},"minecraft:broken":{"minecraft:stone_pickaxe":6},"minecraft:killed":{"born_in_chaos_v1:diamond_termite":1,"undead_revamp2:the_moonflower":1,"minecraft:skeleton":1},"minecraft:crafted":{"minecraft:oak_planks":16,"minecraft:diamond_sword":1,"quark:birch_chest":1,"minecraft:crafting_table":2,"minecraft:wooden_pickaxe":1,"minecraft:baked_potato":4,"minecraft:iron_helmet":1,"minecraft:iron_sword":1,"minecraft:furnace":1,"minecraft:birch_planks":40,"minecraft:stone_axe":1,"minecraft:bread":22,"minecraft:air":0,"minecraft:diamond_pickaxe":1,"minecraft:iron_boots":1,"minecraft:iron_chestplate":1,"minecraft:shield":1,"minecraft:stick":40,"minecraft:iron_ingot":70,"minecraft:iron_pickaxe":1,"minecraft:stone_pickaxe":8,"minecraft:wooden_axe":1,"minecraft:stone_sword":1,"minecraft:iron_leggings":1,"minecraft:torch":32}},"DataVersion":3465}