{"stats":{"minecraft:used":{"quark:birch_chest":1,"minecraft:stone_sword":15,"minecraft:shield":45,"minecraft:iron_sword":73,"minecraft:iron_chestplate":1,"minecraft:torch":24,"minecraft:carrot":31,"minecraft:wooden_axe":17,"minecraft:furnace":2,"minecraft:gray_bed":1,"tombstone:gift":4,"minecraft:cobbled_deepslate":2,"minecraft:iron_leggings":1,"minecraft:pointed_dripstone":1,"minecraft:wheat_seeds":259,"minecraft:diorite":2,"minecraft:stone_pickaxe":845,"minecraft:baked_potato":4,"minecraft:wooden_pickaxe":20,"luminousworld:ishstone":53,"minecraft:glow_berries":1,"minecraft:crafting_table":5,"minecraft:diamond_pickaxe":6,"minecraft:bread":10,"minecraft:iron_pickaxe":93,"minecraft:stone_axe":1,"minecraft:diamond_sword":10,"minecraft:cobblestone":129,"quark:oak_chest":1,"alexsmobs:animal_dictionary":1},"minecraft:mined":{"minecraft:diamond_ore":7,"minecraft:tuff":7,"iceandfire:silver_ore":1,"minecraft:deepslate_diamond_ore":22,"minecraft:obsidian":6,"minecraft:granite":17,"placeablesmod:carrot_block_1":1,"placeablesmod:carrot_block_3":1,"luminousworld:grassvariant_2":1,"minecraft:oxeye_daisy":1,"minecraft:furnace":1,"minecraft:carrots":14,"minecraft:iron_ore":70,"minecraft:fire":4,"minecraft:andesite":46,"minecraft:peony":5,"minecraft:pointed_dripstone":23,"minecraft:potatoes":5,"minecraft:stone":405,"minecraft:crafting_table":2,"minecraft:rose_bush":5,"minecraft:tall_grass":5,"minecraft:cobblestone":8,"minecraft:lapis_ore":8,"minecraft:deepslate_gold_ore":5,"minecraft:diorite":2,"minecraft:birch_log":10,"minecraft:wheat":151,"minecraft:gray_bed":1,"minecraft:grass":6,"minecraft:oak_log":10,"minecraft:coal_ore":91,"luminousworld:ishstone":53,"minecraft:beetroots":1,"minecraft:gravel":29,"minecraft:dirt":5,"luminousworld:grassvariant_3":2,"minecraft:cobweb":2,"minecraft:deepslate":160},"minecraft:dropped":{"minecraft:birch_planks":1,"minecraft:wheat_seeds":44,"minecraft:diamond":1,"minecraft:granite":17,"minecraft:coal":16,"minecraft:stick":6,"minecraft:flint":1,"minecraft:oxeye_daisy":5,"born_in_chaos_v1:monster_flesh":1,"minecraft:dirt":5,"minecraft:torch":9,"minecraft:wooden_axe":1,"minecraft:rose_bush":2,"minecraft:string":1,"minecraft:gravel":28,"alexsmobs:animal_dictionary":1,"minecraft:tuff":7,"minecraft:wheat":2,"minecraft:obsidian":5,"minecraft:pointed_dripstone":8,"minecraft:beetroot":3,"minecraft:rotten_flesh":2,"minecraft:oak_planks":4,"minecraft:beehive":1,"minecraft:peony":1,"minecraft:andesite":46,"minecraft:beetroot_seeds":3,"minecraft:arrow":1,"minecraft:wooden_pickaxe":1,"minecraft:stone_pickaxe":1},"minecraft:picked_up":{"minecraft:crafting_table":2,"minecraft:wheat":139,"minecraft:enchanted_book":1,"minecraft:string":1,"minecraft:iron_leggings":1,"minecraft:beetroot":3,"minecraft:cobbled_deepslate":165,"minecraft:rose_bush":2,"minecraft:furnace":1,"minecraft:beehive":1,"minecraft:raw_iron":70,"minecraft:stick":3,"tombstone:grave_dust":1,"minecraft:pointed_dripstone":9,"minecraft:diorite":2,"born_in_chaos_v1:nightmare_claw":1,"minecraft:carrot":55,"minecraft:arrow":1,"minecraft:rotten_flesh":2,"minecraft:beetroot_seeds":3,"minecraft:peony":1,"minecraft:glow_berries":1,"minecraft:obsidian":5,"minecraft:cobblestone":412,"minecraft:oxeye_daisy":5,"minecraft:birch_log":10,"born_in_chaos_v1:monster_flesh":1,"minecraft:andesite":47,"luminousworld:ishstone":53,"minecraft:smoker":1,"minecraft:potato":19,"minecraft:flint":1,"minecraft:tuff":7,"minecraft:oak_log":10,"minecraft:dirt":5,"minecraft:lapis_lazuli":54,"minecraft:paper":1,"minecraft:white_banner":1,"born_in_chaos_v1:monster_skin":2,"minecraft:wheat_seeds":385,"minecraft:raw_gold":7,"minecraft:stone_pickaxe":1,"minecraft:gray_bed":1,"minecraft:book":1,"minecraft:gravel":28,"minecraft:diamond":29,"minecraft:crossbow":1,"minecraft:granite":17,"minecraft:emerald":4,"minecraft:coal":107,"iceandfire:raw_silver":1},"minecraft:broken":{"minecraft:stone_pickaxe":6},"minecraft:killed_by":{"born_in_chaos_v1:nightmare_stalker":1},"minecraft:custom":{"minecraft:mob_kills":11,"minecraft:interact_with_crafting_table":35,"minecraft:open_barrel":1,"minecraft:leave_game":1,"minecraft:time_since_death":29729,"minecraft:sprint_one_cm":152301,"minecraft:walk_one_cm":328550,"minecraft:damage_blocked_by_shield":2040,"minecraft:drop":39,"minecraft:play_time":129343,"minecraft:deaths":1,"minecraft:sneak_time":37041,"minecraft:walk_under_water_one_cm":2554,"minecraft:jump":1343,"minecraft:walk_on_water_one_cm":8685,"minecraft:total_world_time":129343,"minecraft:interact_with_furnace":29,"tombstone:raider_killed":5,"minecraft:raid_trigger":1,"minecraft:time_since_rest":29433,"minecraft:damage_taken":1342,"minecraft:damage_dealt":2615,"minecraft:swim_one_cm":10435,"minecraft:fly_one_cm":106163,"minecraft:open_chest":20,"minecraft:crouch_one_cm":96944,"tombstone:undead_killed":3,"minecraft:interact_with_smoker":1,"minecraft:fall_one_cm":16191},"minecraft:crafted":{"minecraft:oak_planks":40,"quark:birch_chest":1,"minecraft:furnace":1,"minecraft:iron_boots":1,"minecraft:stone_pickaxe":8,"minecraft:diamond_sword":1,"minecraft:crafting_table":3,"minecraft:wooden_pickaxe":1,"minecraft:baked_potato":6,"minecraft:iron_helmet":1,"minecraft:iron_sword":1,"minecraft:birch_planks":40,"minecraft:stone_axe":1,"minecraft:bread":45,"minecraft:air":0,"minecraft:iron_chestplate":1,"minecraft:diamond_pickaxe":1,"minecraft:shield":1,"minecraft:stick":48,"quark:oak_chest":1,"minecraft:iron_ingot":70,"minecraft:iron_pickaxe":1,"minecraft:wooden_axe":1,"minecraft:stone_sword":1,"minecraft:iron_leggings":1,"minecraft:torch":40},"minecraft:killed":{"illagerinvasion:archivist":1,"undead_revamp2:thegliter":1,"illagerinvasion:marauder":2,"illagerinvasion:basher":1,"minecraft:skeleton":1,"born_in_chaos_v1:diamond_termite":1,"undead_revamp2:the_moonflower":1,"minecraft:pillager":1,"born_in_chaos_v1:dread_hound":1,"born_in_chaos_v1:nightmare_stalker":1}},"DataVersion":3465}