{"stats":{"minecraft:used":{"minecraft:stone_sword":32,"minecraft:stone_pickaxe":107,"minecraft:wooden_pickaxe":17,"minecraft:oak_door":1,"minecraft:torch":1,"minecraft:crafting_table":2,"minecraft:white_bed":2,"minecraft:bread":5,"minecraft:stone_axe":25,"minecraft:cobblestone":46,"minecraft:yellow_bed":1},"minecraft:mined":{"minecraft:oak_slab":1,"minecraft:white_bed":2,"iceandfire:silver_ore":3,"minecraft:oak_door":2,"minecraft:crafting_table":1,"minecraft:grass_block":5,"minecraft:chest":2,"minecraft:coal_block":7,"minecraft:cobblestone":9,"minecraft:oak_planks":3,"minecraft:wall_torch":1,"minecraft:hay_block":57,"minecraft:fletching_table":1,"minecraft:yellow_bed":1,"minecraft:bell":1,"minecraft:grass":1,"minecraft:coal_ore":67,"minecraft:oak_log":9,"minecraft:dirt_path":2,"minecraft:oak_stairs":1,"minecraft:dirt":1,"minecraft:stone":37,"minecraft:oak_leaves":4},"minecraft:dropped":{"minecraft:clay_ball":3,"minecraft:white_bed":2,"minecraft:oak_stairs":1},"minecraft:picked_up":{"minecraft:allium":2,"minecraft:crafting_table":2,"minecraft:wheat":2,"minecraft:clay_ball":3,"minecraft:oak_stairs":1,"minecraft:oak_log":9,"minecraft:yellow_bed":1,"minecraft:string":2,"minecraft:dirt":7,"minecraft:lantern":4,"minecraft:apple":1,"minecraft:wheat_seeds":3,"minecraft:bell":1,"minecraft:poppy":1,"minecraft:fletching_table":1,"minecraft:coal_block":7,"minecraft:chest":2,"minecraft:oak_planks":3,"minecraft:oak_slab":1,"minecraft:oak_door":2,"minecraft:torch":2,"minecraft:gravel":1,"minecraft:white_bed":4,"minecraft:stone_sword":1,"minecraft:stone_axe":1,"minecraft:hay_block":57,"minecraft:bread":9,"alexsmobs:maggot":2,"minecraft:coal":67,"iceandfire:raw_silver":3,"minecraft:cobblestone":53},"minecraft:killed_by":{"undead_revamp2:thespitter":1},"minecraft:custom":{"minecraft:mob_kills":11,"minecraft:interact_with_crafting_table":3,"minecraft:bell_ring":2,"minecraft:leave_game":4,"minecraft:time_since_death":40468,"minecraft:sleep_in_bed":2,"minecraft:climb_one_cm":895,"minecraft:time_since_rest":11229,"minecraft:sprint_one_cm":79471,"minecraft:damage_taken":550,"minecraft:walk_one_cm":136997,"minecraft:drop":4,"minecraft:damage_dealt":1469,"minecraft:swim_one_cm":1662,"minecraft:fly_one_cm":99505,"minecraft:open_chest":2,"minecraft:crouch_one_cm":10698,"minecraft:play_time":44771,"tombstone:undead_killed":3,"minecraft:deaths":1,"minecraft:sneak_time":5088,"minecraft:walk_under_water_one_cm":7737,"minecraft:jump":812,"minecraft:walk_on_water_one_cm":4407,"minecraft:total_world_time":44771,"minecraft:fall_one_cm":18583},"minecraft:killed":{"luminousworld:frost_bitten_skeleton":1,"undead_revamp2:thesomnolence":6,"minecraft:zombie":1,"takesapillage:clay_golem":1,"enemyexpansion:huntsman":1,"alexsmobs:fly":1},"minecraft:crafted":{"minecraft:oak_planks":20,"minecraft:wooden_pickaxe":1,"minecraft:stick":8,"minecraft:stone_pickaxe":1,"minecraft:stone_sword":1,"minecraft:wheat":54}},"DataVersion":3465}