{"stats":{"minecraft:used":{"iceandfire:lectern":1,"minecraft:oak_fence":1,"minecraft:stone_sword":256,"iceandfire:silver_sword":132,"minecraft:spruce_planks":4,"minecraft:chest":2,"minecraft:shield":82,"minecraft:oak_door":2,"minecraft:torch":3,"minecraft:dirt":80,"minecraft:bow":5,"minecraft:furnace":1,"tombstone:gift":6,"minecraft:potato":1,"minecraft:cobbled_deepslate":9,"minecraft:pumpkin":1,"minecraft:mossy_stone_bricks":1,"minecraft:stone_pickaxe":395,"minecraft:wooden_pickaxe":60,"minecraft:crafting_table":4,"minecraft:white_bed":2,"minecraft:bread":59,"minecraft:gravel":4,"minecraft:stone_axe":28,"ecologics:coconut_slice":18,"minecraft:cobblestone":109,"minecraft:yellow_bed":1},"minecraft:mined":{"minecraft:spruce_planks":10,"minecraft:white_bed":2,"iceandfire:silver_ore":33,"minecraft:mossy_cobblestone":4,"luminousworld:grassvariant_4":1,"minecraft:oak_door":2,"minecraft:grass_block":52,"iceandfire:lectern":1,"iceandfire:deepslate_silver_ore":2,"luminousworld:grassvariant_2":1,"minecraft:coal_block":23,"minecraft:spruce_leaves":1,"minecraft:spawner":1,"minecraft:hay_block":57,"minecraft:iron_ore":25,"minecraft:anvil":1,"minecraft:fletching_table":1,"minecraft:bell":1,"iceandfire:gold_pile":3,"minecraft:vine":1,"minecraft:deepslate_iron_ore":8,"minecraft:dirt_path":2,"minecraft:oak_stairs":1,"minecraft:stripped_oak_log":4,"minecraft:stone":126,"minecraft:oak_slab":1,"minecraft:oak_fence":1,"minecraft:crafting_table":1,"minecraft:torch":1,"minecraft:blast_furnace":1,"minecraft:chest":4,"minecraft:copper_ore":19,"minecraft:cobblestone":26,"minecraft:oak_planks":3,"minecraft:iron_door":1,"minecraft:wall_torch":1,"supplementaries:urn":3,"minecraft:yellow_bed":1,"minecraft:grass":6,"iceandfire:silver_pile":3,"minecraft:oak_log":9,"minecraft:coal_ore":168,"minecraft:gravel":3,"minecraft:dirt":35,"luminousworld:grassvariant_3":1,"minecraft:cracked_stone_bricks":1,"minecraft:mossy_stone_bricks":1,"minecraft:oak_leaves":6,"minecraft:deepslate":10},"minecraft:dropped":{"minecraft:poisonous_potato":6,"minecraft:lantern":2,"minecraft:cracked_stone_bricks":1,"minecraft:leather_helmet":1,"artifacts:night_vision_goggles":1,"minecraft:dirt":6,"minecraft:rabbit":1,"alexsmobs:flying_fish":1,"tombstone:grave_dust":1,"minecraft:pumpkin":2,"minecraft:oak_stairs":1,"minecraft:string":5,"minecraft:stone_sword":1,"minecraft:cobbled_deepslate":1,"alexscaves:cave_tablet":1,"minecraft:raw_iron":20,"minecraft:rotten_flesh":8,"minecraft:clay_ball":3,"aether:leather_gloves":1,"minecraft:white_bed":2,"minecraft:filled_map":1,"minecraft:iron_chestplate":1,"minecraft:mossy_stone_bricks":2,"ecologics:coconut_husk":13,"minecraft:stone_pickaxe":1,"iceandfire:manuscript":1},"minecraft:picked_up":{"minecraft:seagrass":1,"minecraft:iron_chestplate":1,"minecraft:crafting_table":2,"minecraft:wheat":2,"minecraft:allium":2,"minecraft:anvil":1,"artifacts:night_vision_goggles":2,"minecraft:clay_ball":3,"born_in_chaos_v1:seedof_chaos":1,"alexscaves:cave_tablet":1,"minecraft:oak_stairs":1,"minecraft:enchanted_book":1,"aether:leather_gloves":1,"minecraft:string":8,"minecraft:raw_copper":73,"minecraft:cracked_stone_bricks":1,"minecraft:gold_nugget":64,"minecraft:cobbled_deepslate":10,"minecraft:spruce_planks":14,"minecraft:beef":6,"minecraft:iron_nugget":9,"minecraft:poppy":1,"minecraft:iron_pickaxe":1,"minecraft:coal_block":23,"minecraft:chest":4,"ecologics:crab_claw":1,"minecraft:raw_iron":105,"born_in_chaos_v1:shattered_skull":2,"minecraft:oak_door":2,"ecologics:coconut_slice":18,"minecraft:oak_fence":1,"minecraft:torch":4,"minecraft:cherry_log":1,"tombstone:grave_dust":8,"born_in_chaos_v1:pieceofdarkmetal":2,"minecraft:rotten_flesh":33,"minecraft:stone_sword":1,"minecraft:arrow":6,"minecraft:hay_block":57,"supplementaries:ash":4,"alexsmobs:flying_fish":1,"quark:music_disc_wind":1,"undead_revamp2:arapholia":1,"born_in_chaos_v1:fused_bone":2,"minecraft:cobblestone":164,"minecraft:stripped_oak_log":4,"minecraft:birch_log":2,"born_in_chaos_v1:corpse_maggot":2,"minecraft:feather":3,"born_in_chaos_v1:monster_flesh":1,"minecraft:iron_door":1,"minecraft:salmon":1,"minecraft:leather":3,"minecraft:potato":12,"minecraft:filled_map":1,"minecraft:oak_log":9,"iceandfire:ectoplasm":1,"minecraft:yellow_bed":1,"minecraft:gunpowder":1,"minecraft:paper":20,"minecraft:dirt":86,"minecraft:lantern":6,"minecraft:coast_armor_trim_smithing_template":2,"minecraft:bone":10,"supplementaries:cartographers_quill":1,"minecraft:apple":1,"minecraft:bow":1,"minecraft:wheat_seeds":67,"minecraft:bell":1,"minecraft:iron_ingot":7,"minecraft:mossy_stone_bricks":3,"minecraft:fletching_table":1,"minecraft:rabbit":1,"minecraft:oak_planks":3,"minecraft:oak_slab":1,"minecraft:pumpkin":3,"born_in_chaos_v1:orbofthe_summoner":1,"born_in_chaos_v1:ethereal_spirit":2,"minecraft:poisonous_potato":6,"earthmobsmod:harder_flesh":3,"minecraft:gravel":4,"minecraft:blast_furnace":1,"minecraft:white_bed":4,"minecraft:spider_eye":2,"minecraft:leather_helmet":1,"undead_revamp2:rawbostrox":2,"minecraft:stone_axe":1,"iceandfire:lectern":1,"minecraft:chainmail_helmet":1,"minecraft:emerald":5,"minecraft:bread":9,"alexsmobs:maggot":2,"iceandfire:silver_nugget":10,"minecraft:coal":172,"iceandfire:raw_silver":35},"minecraft:broken":{"minecraft:stone_sword":1,"minecraft:wooden_pickaxe":1,"minecraft:stone_pickaxe":3,"iceandfire:armor_copper_metal_leggings":1,"iceandfire:armor_copper_metal_chestplate":1,"iceandfire:armor_copper_metal_boots":1,"iceandfire:armor_copper_metal_helmet":1},"minecraft:custom":{"minecraft:mob_kills":96,"minecraft:interact_with_crafting_table":31,"minecraft:open_barrel":4,"minecraft:bell_ring":2,"minecraft:damage_dealt_resisted":2154,"minecraft:eat_cake_slice":2,"minecraft:leave_game":5,"minecraft:time_since_death":26541,"minecraft:climb_one_cm":20133,"minecraft:sprint_one_cm":549542,"minecraft:walk_one_cm":824064,"minecraft:damage_blocked_by_shield":1270,"minecraft:drop":34,"minecraft:play_time":268061,"minecraft:deaths":14,"minecraft:sneak_time":16014,"minecraft:walk_under_water_one_cm":15283,"minecraft:jump":4446,"minecraft:interact_with_blast_furnace":2,"minecraft:walk_on_water_one_cm":25356,"minecraft:total_world_time":268061,"minecraft:interact_with_furnace":56,"minecraft:sleep_in_bed":6,"minecraft:time_since_rest":24142,"minecraft:damage_taken":2147483647,"minecraft:trigger_trapped_chest":1,"minecraft:damage_dealt":17248,"minecraft:swim_one_cm":24616,"minecraft:fly_one_cm":741865,"minecraft:open_chest":88,"minecraft:crouch_one_cm":35973,"tombstone:undead_killed":55,"minecraft:fall_one_cm":81618},"minecraft:killed_by":{"undead_revamp2:theskeeper":1,"undead_revamp2:sucker":1,"born_in_chaos_v1:baby_skeleton":1,"born_in_chaos_v1:bone_imp_minion":1,"undead_revamp2:thespitter":1,"undead_revamp2:thehorrors":2,"iceandfire:gorgon":1,"born_in_chaos_v1:supreme_bonescaller_stage_2":2,"iceandfire:ghost":1,"born_in_chaos_v1:dread_hound":1},"minecraft:killed":{"earthmobsmod:hyper_rabbit":1,"undead_revamp2:thehunter":1,"born_in_chaos_v1:restless_spirit":1,"born_in_chaos_v1:zombie_lumberjack":1,"creeperoverhaul:beach_creeper":1,"minecraft:spider":4,"luminousworld:frost_bitten_skeleton":1,"enemyexpansion:direwolf":2,"enemyexpansion:goblin_fear":1,"born_in_chaos_v1:siamese_skeletonsright":1,"born_in_chaos_v1:zombie_bruiser":1,"born_in_chaos_v1:maggot":9,"minecraft:skeleton":3,"takesapillage:clay_golem":1,"born_in_chaos_v1:skeleton_thrasher":1,"undead_revamp2:sucker":1,"enemyexpansion:goblin":1,"born_in_chaos_v1:barrel_zombie":2,"earthmobsmod:bouldering_zombie":3,"born_in_chaos_v1:bone_imp_minion":10,"minecraft:zombie_villager":3,"undead_revamp2:the_moonflower":2,"earthmobsmod:lobber_zombie":1,"undead_revamp2:theheavy":1,"enemyexpansion:sprinter":2,"minecraft:creeper":1,"born_in_chaos_v1:decrepit_skeleton":2,"undead_revamp2:thesomnolence":6,"minecraft:zombie":9,"iceandfire:ghost":3,"born_in_chaos_v1:dread_hound":2,"born_in_chaos_v1:corpse_fly":2,"enemyexpansion:huntsman":3,"alexsmobs:fly":1,"born_in_chaos_v1:door_knight":1,"minecraft:cow":3,"born_in_chaos_v1:siamese_skeletonsleft":1,"enemyexpansion:slugger":2},"minecraft:crafted":{"minecraft:oak_door":3,"minecraft:oak_planks":36,"minecraft:furnace":1,"iceandfire:lectern":1,"iceandfire:armor_copper_metal_leggings":1,"iceandfire:armor_copper_metal_helmet":1,"iceandfire:armor_copper_metal_boots":1,"minecraft:bow":1,"minecraft:stone_pickaxe":4,"iceandfire:armor_copper_metal_chestplate":1,"minecraft:wheat":405,"minecraft:coal_block":18,"iceandfire:silver_ingot":18,"minecraft:crafting_table":2,"minecraft:wooden_pickaxe":1,"minecraft:copper_ingot":24,"minecraft:bread":135,"minecraft:air":0,"minecraft:shield":1,"minecraft:stick":20,"minecraft:iron_ingot":62,"minecraft:stone_sword":2,"iceandfire:silver_sword":1}},"DataVersion":3465}