{"stats":{"minecraft:mined":{"minecraft:oak_log":5,"minecraft:oak_leaves":1},"minecraft:picked_up":{"minecraft:oak_log":5},"minecraft:killed_by":{"undead_revamp2:thespitter":1},"minecraft:custom":{"minecraft:jump":116,"minecraft:damage_dealt":10,"minecraft:time_since_rest":1,"minecraft:damage_taken":240,"minecraft:leave_game":2,"minecraft:time_since_death":1637,"minecraft:play_time":5940,"minecraft:crouch_one_cm":368,"minecraft:walk_one_cm":4587,"minecraft:sprint_one_cm":10593,"minecraft:walk_on_water_one_cm":523,"minecraft:deaths":1,"minecraft:sneak_time":268,"minecraft:total_world_time":5940,"minecraft:walk_under_water_one_cm":2137,"minecraft:swim_one_cm":617,"minecraft:fly_one_cm":19011,"minecraft:fall_one_cm":745}},"DataVersion":3465}