{"stats":{"minecraft:used":{"minecraft:stone_pickaxe":85,"minecraft:wooden_pickaxe":17,"minecraft:stone_axe":10,"minecraft:torch":1,"minecraft:cobblestone":6,"minecraft:crafting_table":1,"minecraft:white_bed":1},"minecraft:mined":{"minecraft:white_bed":1,"minecraft:oak_door":2,"minecraft:oak_log":5,"minecraft:coal_ore":63,"minecraft:chest":1,"minecraft:cobblestone":6,"minecraft:stone":33,"minecraft:oak_leaves":1},"minecraft:picked_up":{"minecraft:crafting_table":1,"minecraft:oak_door":2,"minecraft:torch":1,"minecraft:gravel":1,"minecraft:oak_log":5,"minecraft:white_bed":2,"minecraft:string":2,"minecraft:stone_axe":1,"minecraft:chest":1,"minecraft:coal":63,"minecraft:cobblestone":46},"minecraft:killed_by":{"undead_revamp2:thespitter":1},"minecraft:custom":{"minecraft:time_since_rest":3973,"minecraft:sprint_one_cm":23068,"minecraft:damage_taken":290,"minecraft:walk_one_cm":49345,"minecraft:mob_kills":7,"minecraft:damage_dealt":607,"minecraft:swim_one_cm":953,"minecraft:interact_with_crafting_table":2,"minecraft:fly_one_cm":31119,"minecraft:open_chest":1,"minecraft:crouch_one_cm":5751,"minecraft:play_time":20771,"tombstone:undead_killed":1,"minecraft:deaths":1,"minecraft:sneak_time":2903,"minecraft:walk_under_water_one_cm":6358,"minecraft:jump":297,"minecraft:leave_game":4,"minecraft:time_since_death":16468,"minecraft:walk_on_water_one_cm":2829,"minecraft:sleep_in_bed":1,"minecraft:total_world_time":20771,"minecraft:fall_one_cm":4348},"minecraft:killed":{"undead_revamp2:thesomnolence":6,"enemyexpansion:huntsman":1},"minecraft:crafted":{"minecraft:oak_planks":20,"minecraft:stick":8,"minecraft:wooden_pickaxe":1,"minecraft:stone_pickaxe":1,"minecraft:stone_sword":1}},"DataVersion":3465}