{"stats":{"minecraft:used":{"iceandfire:lectern":2,"iceandfire:tide_trident":120,"minecraft:chest":2,"minecraft:shield":155,"minecraft:iron_sword":5,"minecraft:bell":1,"ironchest:iron_chest":1,"minecraft:iron_helmet":1,"minecraft:stone_bricks":4,"minecraft:bow":43,"minecraft:furnace":1,"minecraft:potato":2,"minecraft:mossy_stone_bricks":1,"minecraft:stone_pickaxe":395,"minecraft:wooden_pickaxe":60,"luminousworld:groundpebbles_1":1,"minecraft:black_banner":1,"minecraft:blast_furnace":1,"minecraft:bread":127,"minecraft:gravel":6,"ecologics:coconut_slice":18,"minecraft:chainmail_boots":1,"minecraft:oak_boat":1,"ironchest:wood_to_iron_chest_upgrade":2,"minecraft:oak_fence":1,"minecraft:iron_bars":2,"minecraft:stone_sword":256,"iceandfire:silver_sword":715,"iceandfire:armor_copper_metal_leggings":1,"minecraft:spruce_planks":8,"minecraft:oak_door":2,"minecraft:torch":3,"minecraft:dirt":82,"minecraft:anvil":2,"naturalist:venison":1,"minecraft:granite":3,"iceandfire:gold_pile":1,"minecraft:iron_boots":2,"minecraft:gunpowder":1,"minecraft:beef":1,"tombstone:gift":7,"minecraft:cooked_beef":8,"minecraft:cobbled_deepslate":9,"minecraft:pumpkin":1,"minecraft:water_bucket":20,"minecraft:baked_potato":14,"minecraft:cracked_stone_bricks":6,"minecraft:crafting_table":5,"minecraft:white_bed":2,"tombstone:bag_of_seeds":4,"minecraft:flower_pot":1,"minecraft:iron_pickaxe":134,"iceandfire:ash":1,"minecraft:stone_axe":54,"minecraft:cobblestone":123,"minecraft:bucket":20,"minecraft:yellow_bed":1,"quark:oak_chest":3},"minecraft:mined":{"luminousworld:white_petunias":1,"minecraft:spruce_planks":13,"minecraft:white_bed":2,"minecraft:brewing_stand":1,"minecraft:granite":1,"minecraft:grass_block":53,"iceandfire:lectern":1,"minecraft:coal_block":47,"minecraft:spawner":2,"minecraft:tall_seagrass":3,"minecraft:iron_ore":40,"minecraft:fire":11,"minecraft:fletching_table":1,"minecraft:anvil":2,"iceandfire:gold_pile":39,"minecraft:dirt_path":2,"minecraft:iron_bars":2,"minecraft:oak_stairs":1,"minecraft:waxed_cut_copper":1,"luminousworld:birchtreemushrooms":1,"minecraft:torch":1,"minecraft:blast_furnace":1,"minecraft:melon":1,"iceandfire:ghost_chest":1,"minecraft:chest":4,"minecraft:nether_brick_slab":1,"minecraft:cobblestone":42,"minecraft:oak_planks":5,"minecraft:iron_door":1,"minecraft:wall_torch":2,"minecraft:cyan_wool":1,"minecraft:wither_rose":1,"minecraft:stone_brick_stairs":1,"minecraft:grass":29,"minecraft:oak_log":12,"minecraft:sand":5,"minecraft:dirt":35,"luminousworld:grassvariant_3":3,"minecraft:stonecutter":1,"minecraft:deepslate":10,"minecraft:oak_leaves":8,"iceandfire:silver_ore":35,"minecraft:mossy_cobblestone":4,"luminousworld:grassvariant_4":2,"minecraft:oak_door":2,"born_in_chaos_v1:infected_diamond_ore":1,"iceandfire:deepslate_silver_ore":2,"luminousworld:grassvariant_2":6,"minecraft:spruce_leaves":1,"minecraft:kelp":1,"minecraft:sandstone":1,"minecraft:hay_block":83,"minecraft:bell":1,"minecraft:bookshelf":72,"minecraft:deepslate_iron_ore":8,"minecraft:vine":2,"ironchest:iron_chest":1,"minecraft:stripped_oak_log":4,"minecraft:stone":140,"minecraft:white_wool":2,"minecraft:smithing_table":1,"minecraft:oak_slab":1,"minecraft:potted_lily_of_the_valley":1,"quark:oak_chest":1,"minecraft:stone_brick_slab":4,"minecraft:oak_fence":4,"minecraft:crafting_table":1,"minecraft:lightning_rod":1,"minecraft:copper_ore":19,"minecraft:tall_grass":6,"minecraft:diorite":4,"supplementaries:urn":14,"minecraft:spruce_stairs":1,"minecraft:black_wall_banner":1,"minecraft:birch_leaves":1,"iceandfire:ash":1,"minecraft:yellow_bed":1,"minecraft:coal_ore":174,"iceandfire:silver_pile":5,"minecraft:gravel":5,"minecraft:cobweb":3,"minecraft:cracked_stone_bricks":7,"minecraft:stone_bricks":12,"minecraft:mossy_stone_bricks":6},"minecraft:dropped":{"minecraft:iron_sword":1,"minecraft:cooked_beef":6,"minecraft:lantern":6,"minecraft:leather":6,"minecraft:fletching_table":1,"minecraft:cracked_stone_bricks":1,"minecraft:leather_helmet":1,"artifacts:vampiric_glove":1,"artifacts:night_vision_goggles":2,"minecraft:dirt":6,"alexsmobs:flying_fish":1,"minecraft:gold_nugget":1,"minecraft:iron_pickaxe":1,"minecraft:birch_log":2,"minecraft:white_wool":2,"minecraft:gold_ingot":9,"minecraft:bone":2,"minecraft:waxed_cut_copper_stairs":1,"hangglider:hang_glider":1,"minecraft:cobbled_deepslate":1,"alexscaves:cave_tablet":1,"undead_revamp2:arapholia":1,"minecraft:rotten_flesh":20,"minecraft:oak_planks":1,"aether:leather_gloves":1,"minecraft:white_bed":2,"supplementaries:flax_seeds":3,"supplementaries:ash":5,"luminousworld:grassflowers":1,"minecraft:skeleton_skull":1,"minecraft:beetroot_seeds":3,"born_in_chaos_v1:corpse_maggot":3,"ecologics:coconut_husk":13,"iceandfire:armor_copper_metal_leggings":1,"iceandfire:manuscript":1,"minecraft:water_bucket":1,"minecraft:golden_boots":1,"minecraft:enchanted_book":1,"minecraft:bread":91,"minecraft:wheat_seeds":69,"minecraft:poisonous_potato":6,"ecologics:coconut_seedling":1,"minecraft:cobblestone":24,"minecraft:spruce_stairs":1,"minecraft:chainmail_helmet":2,"minecraft:coal":4,"minecraft:diorite":4,"minecraft:rabbit":1,"tombstone:grave_dust":1,"minecraft:oak_stairs":2,"minecraft:pumpkin":2,"minecraft:iron_shovel":1,"minecraft:chainmail_leggings":2,"minecraft:string":5,"iceandfire:silver_nugget":12,"alexsmobs:maggot":2,"minecraft:oak_trapdoor":1,"minecraft:stone_sword":1,"minecraft:raw_iron":20,"minecraft:clay_ball":3,"minecraft:torchflower_seeds":3,"minecraft:filled_map":1,"alexscaves:radgill":1,"minecraft:hay_block":11,"minecraft:shield":2,"minecraft:iron_chestplate":1,"minecraft:andesite":4,"minecraft:mossy_stone_bricks":2,"minecraft:stone_bricks":12,"minecraft:stone_pickaxe":1,"minecraft:bell":1},"minecraft:picked_up":{"minecraft:seagrass":2,"minecraft:iron_chestplate":2,"minecraft:wheat":11,"alexscaves:radgill":1,"minecraft:flower_pot":1,"minecraft:anvil":2,"minecraft:smithing_table":1,"minecraft:lead":1,"enemyexpansion:wasp_thorax":1,"minecraft:oak_stairs":4,"alexscaves:cave_tablet":1,"minecraft:wither_rose":1,"minecraft:enchanted_book":2,"minecraft:stone_brick_stairs":1,"minecraft:brewing_stand":1,"iceandfire:manuscript":12,"minecraft:string":21,"minecraft:raw_copper":80,"minecraft:iron_leggings":3,"minecraft:armor_stand":4,"minecraft:cobbled_deepslate":10,"minecraft:gold_nugget":376,"minecraft:spruce_planks":15,"minecraft:iron_pickaxe":1,"hangglider:hang_glider":1,"minecraft:melon_slice":5,"minecraft:coal_block":46,"minecraft:iron_boots":1,"ecologics:crab_claw":1,"iceandfire:ghost_chest":1,"minecraft:stick":1,"born_in_chaos_v1:shattered_skull":3,"minecraft:oak_fence":1,"born_in_chaos_v1:phantom_powder":1,"minecraft:torch":6,"ecologics:coconut_seedling":1,"minecraft:spruce_stairs":1,"minecraft:lightning_rod":1,"minecraft:cherry_log":2,"tombstone:grave_dust":32,"minecraft:diorite":4,"minecraft:rabbit_foot":4,"minecraft:waxed_cut_copper_stairs":1,"luminousworld:grassflowers":2,"minecraft:stone_sword":1,"minecraft:rotten_flesh":93,"supplementaries:antique_ink":3,"iceandfire:fire_dragon_heart":1,"supplementaries:ash":15,"minecraft:waxed_cut_copper":1,"minecraft:iron_bars":2,"undead_revamp2:arapholia":4,"alexsmobs:flying_fish":3,"minecraft:cobblestone":192,"minecraft:birch_log":6,"minecraft:feather":3,"minecraft:iron_door":1,"minecraft:water_bucket":2,"minecraft:andesite":4,"minecraft:potato":12,"alexsmobs:bear_fur":3,"minecraft:flint":2,"supplementaries:flax_seeds":4,"minecraft:dirt":91,"minecraft:lantern":30,"minecraft:bone":59,"supplementaries:cartographers_quill":1,"minecraft:stonecutter":1,"minecraft:bow":2,"minecraft:wheat_seeds":212,"minecraft:bell":3,"minecraft:mossy_stone_bricks":8,"minecraft:fletching_table":3,"minecraft:rabbit":3,"minecraft:oak_planks":4,"minecraft:poisonous_potato":6,"earthmobsmod:harder_flesh":3,"iceandfire:dragon_skull_fire":1,"minecraft:sand":3,"minecraft:lily_of_the_valley":1,"minecraft:bundle":2,"born_in_chaos_v1:fire_dust":2,"iceandfire:lectern":1,"minecraft:granite":8,"minecraft:bone_meal":1,"minecraft:bread":30,"minecraft:emerald":15,"minecraft:chainmail_helmet":3,"iceandfire:gorgon_head":1,"alexsmobs:maggot":2,"minecraft:oak_sapling":2,"iceandfire:silver_nugget":12,"iceandfire:raw_silver":37,"luminousworld:groundpebbles_1":1,"born_in_chaos_v1:diamond_termite_shard":1,"undead_revamp2:bostroxingot":2,"minecraft:crafting_table":2,"minecraft:allium":4,"artifacts:night_vision_goggles":2,"minecraft:clay_ball":3,"naturalist:venison":2,"born_in_chaos_v1:seedof_chaos":1,"minecraft:brown_mushroom":3,"minecraft:shield":1,"aether:leather_gloves":1,"minecraft:oak_trapdoor":1,"minecraft:item_frame":2,"minecraft:iron_shovel":4,"iceandfire:graveyard_soil":3,"minecraft:cracked_stone_bricks":7,"minecraft:beef":18,"minecraft:oak_boat":2,"minecraft:poppy":2,"minecraft:iron_nugget":9,"minecraft:chest":4,"minecraft:raw_iron":120,"iceandfire:dragonbone":11,"iceandfire:dragonscales_gray":5,"minecraft:oak_door":5,"ecologics:coconut_slice":18,"ironchest:iron_chest":1,"artifacts:vampiric_glove":1,"minecraft:white_dye":1,"minecraft:stone_button":2,"born_in_chaos_v1:pieceofdarkmetal":2,"minecraft:carrot":1,"minecraft:dark_oak_planks":1,"iceandfire:sea_serpent_scales_purple":4,"minecraft:arrow":44,"minecraft:beetroot_seeds":6,"minecraft:hay_block":94,"minecraft:gold_ingot":1,"minecraft:black_banner":1,"tombstone:essence_of_undeath":1,"minecraft:white_wool":2,"quark:music_disc_wind":1,"born_in_chaos_v1:fused_bone":3,"minecraft:stripped_oak_log":4,"born_in_chaos_v1:corpse_maggot":5,"iceandfire:sea_serpent_fang":9,"born_in_chaos_v1:monster_flesh":1,"minecraft:salmon":1,"minecraft:leather":6,"minecraft:filled_map":1,"minecraft:oak_log":12,"minecraft:chainmail_chestplate":1,"iceandfire:ectoplasm":3,"minecraft:golden_boots":1,"minecraft:yellow_bed":1,"minecraft:gunpowder":2,"minecraft:paper":20,"minecraft:coast_armor_trim_smithing_template":2,"minecraft:apple":1,"minecraft:stone_bricks":24,"minecraft:kelp":1,"minecraft:rabbit_hide":11,"minecraft:iron_ingot":9,"tombstone:bag_of_seeds":1,"iceandfire:fire_dragon_flesh":9,"minecraft:iron_sword":3,"minecraft:dark_oak_stairs":2,"minecraft:book":229,"minecraft:oak_slab":2,"minecraft:pumpkin":3,"iceandfire:ash":1,"minecraft:stone_brick_slab":4,"born_in_chaos_v1:orbofthe_summoner":1,"born_in_chaos_v1:ethereal_spirit":3,"minecraft:dandelion":2,"minecraft:torchflower_seeds":6,"luminousworld:sunset_petunias":1,"minecraft:gravel":6,"minecraft:blast_furnace":1,"minecraft:white_bed":4,"minecraft:nether_brick_slab":1,"minecraft:spider_eye":3,"quark:oak_chest":1,"minecraft:leather_helmet":1,"undead_revamp2:rawbostrox":2,"minecraft:stone_axe":1,"iceandfire:silver_sword":10,"minecraft:chainmail_leggings":2,"minecraft:iron_helmet":3,"minecraft:coal":178},"minecraft:broken":{"minecraft:iron_chestplate":1,"iceandfire:silver_sword":1,"minecraft:stone_pickaxe":3,"iceandfire:armor_copper_metal_helmet":1,"minecraft:stone_sword":1,"aether:iron_gloves":1,"minecraft:wooden_pickaxe":1,"minecraft:shield":1,"iceandfire:armor_copper_metal_leggings":1,"minecraft:iron_helmet":1,"iceandfire:armor_copper_metal_chestplate":1,"iceandfire:armor_copper_metal_boots":1},"minecraft:custom":{"minecraft:interact_with_crafting_table":60,"minecraft:open_barrel":51,"minecraft:bell_ring":11,"minecraft:eat_cake_slice":14,"minecraft:leave_game":6,"minecraft:time_since_death":25507,"minecraft:sprint_one_cm":1369549,"minecraft:damage_blocked_by_shield":3415,"minecraft:drop":130,"minecraft:play_time":599028,"minecraft:deaths":18,"minecraft:jump":10952,"minecraft:walk_on_water_one_cm":157170,"minecraft:interact_with_furnace":94,"minecraft:sleep_in_bed":13,"minecraft:damage_dealt":63148,"minecraft:crouch_one_cm":43087,"tombstone:undead_killed":157,"minecraft:interact_with_smoker":1,"minecraft:horse_one_cm":613,"minecraft:mob_kills":296,"minecraft:damage_dealt_resisted":2208,"minecraft:climb_one_cm":35661,"minecraft:walk_one_cm":1699751,"minecraft:sneak_time":19581,"minecraft:walk_under_water_one_cm":65159,"minecraft:boat_one_cm":328796,"minecraft:interact_with_blast_furnace":34,"minecraft:total_world_time":599028,"tombstone:raider_killed":1,"minecraft:time_since_rest":23108,"minecraft:damage_taken":2147483647,"minecraft:trigger_trapped_chest":2,"minecraft:swim_one_cm":98614,"minecraft:fly_one_cm":2010014,"minecraft:open_chest":316,"minecraft:fall_one_cm":205801},"minecraft:killed_by":{"undead_revamp2:theskeeper":1,"undead_revamp2:sucker":1,"born_in_chaos_v1:baby_skeleton":1,"born_in_chaos_v1:bone_imp_minion":1,"born_in_chaos_v1:supreme_bonescaller_stage_2":2,"iceandfire:fire_dragon":1,"undead_revamp2:thespitter":1,"undead_revamp2:thehorrors":2,"iceandfire:gorgon":1,"minecraft:skeleton":2,"iceandfire:ghost":1,"born_in_chaos_v1:dread_hound":1},"minecraft:crafted":{"minecraft:oak_planks":84,"hangglider:hang_glider":1,"iceandfire:lectern":1,"iceandfire:armor_copper_metal_boots":1,"minecraft:bow":2,"minecraft:iron_boots":1,"iceandfire:armor_copper_metal_chestplate":1,"sophisticatedbackpacks:backpack":1,"minecraft:crafting_table":3,"minecraft:wooden_pickaxe":1,"minecraft:baked_potato":14,"minecraft:copper_ingot":73,"minecraft:shield":3,"minecraft:stick":36,"quark:oak_chest":3,"minecraft:iron_ingot":100,"minecraft:stone_sword":2,"minecraft:gold_ingot":43,"iceandfire:gold_pile":1,"iceandfire:silver_sword":2,"hangglider:glider_framework":1,"minecraft:oak_door":3,"minecraft:furnace":1,"iceandfire:armor_copper_metal_leggings":2,"hangglider:glider_wing":2,"iceandfire:armor_copper_metal_helmet":1,"minecraft:stone_pickaxe":4,"sophisticatedbackpacks:iron_backpack":1,"minecraft:wheat":739,"minecraft:cooked_beef":17,"minecraft:coal_block":22,"ironchest:wood_to_iron_chest_upgrade":2,"iceandfire:silver_ingot":37,"iceandfire:tide_trident":1,"sophisticatedbackpacks:gold_backpack":1,"minecraft:stone_axe":1,"minecraft:bread":250,"minecraft:air":0,"undead_revamp2:bostroxingot":2,"iceandfire:silver_pickaxe":1},"minecraft:killed":{"undead_revamp2:thewolf":1,"minecraft:cave_spider":5,"earthmobsmod:jumbo_rabbit":4,"born_in_chaos_v1:zombie_lumberjack":2,"born_in_chaos_v1:restless_spirit":2,"creeperoverhaul:beach_creeper":1,"minecraft:spider":7,"luminousworld:frost_bitten_skeleton":1,"born_in_chaos_v1:siamese_skeletonsright":1,"undead_revamp2:theswarmer":1,"minecraft:skeleton":34,"minecraft:bee":2,"luminousworld:dark_oak_skeleton":1,"born_in_chaos_v1:skeleton_thrasher":1,"earthmobsmod:zombified_rabbit":1,"minecraft:silverfish":5,"alexsmobs:skelewag":1,"born_in_chaos_v1:firelight_not_despawn":3,"artifacts:mimic":1,"alexsmobs:grizzly_bear":3,"born_in_chaos_v1:diamond_termite":1,"minecraft:zombie_villager":3,"earthmobsmod:lobber_zombie":1,"undead_revamp2:theheavy":1,"undead_revamp2:thebeartamer":1,"minecraft:creeper":1,"enemyexpansion:meature":2,"minecraft:zombie":24,"born_in_chaos_v1:dread_hound":2,"born_in_chaos_v1:corpse_fly":2,"enemyexpansion:botfly":9,"alexsmobs:fly":1,"born_in_chaos_v1:door_knight":1,"takesapillage:archer":1,"enemyexpansion:wasp":1,"iceandfire:sea_serpent":2,"born_in_chaos_v1:siamese_skeletonsleft":2,"minecraft:cow":8,"earthmobsmod:hyper_rabbit":1,"undead_revamp2:thehunter":1,"alexsmobs:seagull":1,"enemyexpansion:direwolf":6,"enemyexpansion:goblin_fear":1,"born_in_chaos_v1:zombie_bruiser":3,"born_in_chaos_v1:maggot":15,"naturalist:deer":1,"iceandfire:fire_dragon":1,"takesapillage:clay_golem":1,"earthmobsmod:fancy_chicken":1,"undead_revamp2:thebidy":5,"born_in_chaos_v1:corpse_fish":1,"minecraft:drowned":2,"undead_revamp2:thehorrors":1,"undead_revamp2:sucker":1,"enemyexpansion:goblin":1,"born_in_chaos_v1:barrel_zombie":4,"minecraft:husk":11,"earthmobsmod:bouldering_zombie":3,"born_in_chaos_v1:bone_imp_minion":10,"undead_revamp2:the_moonflower":12,"enemyexpansion:sprinter":5,"born_in_chaos_v1:decrepit_skeleton":4,"born_in_chaos_v1:bloody_gadfly":2,"undead_revamp2:thesomnolence":6,"iceandfire:ghost":9,"enemyexpansion:huntsman":5,"enemyexpansion:slugger":2}},"DataVersion":3465}