{"stats":{"minecraft:mined":{"minecraft:oak_log":5,"minecraft:chest":1,"minecraft:oak_door":2,"minecraft:oak_leaves":1},"minecraft:picked_up":{"minecraft:oak_door":2,"minecraft:oak_log":5,"minecraft:chest":1},"minecraft:killed_by":{"undead_revamp2:thespitter":1},"minecraft:custom":{"minecraft:open_chest":1,"minecraft:time_since_rest":2069,"minecraft:crouch_one_cm":1664,"minecraft:deaths":1,"minecraft:sprint_one_cm":13128,"minecraft:play_time":8771,"minecraft:damage_taken":240,"minecraft:walk_one_cm":7104,"minecraft:sneak_time":753,"minecraft:walk_under_water_one_cm":6298,"minecraft:jump":118,"minecraft:damage_dealt":10,"minecraft:leave_game":4,"minecraft:walk_on_water_one_cm":2101,"minecraft:time_since_death":4468,"minecraft:total_world_time":8771,"minecraft:swim_one_cm":617,"minecraft:fall_one_cm":745,"minecraft:fly_one_cm":19379}},"DataVersion":3465}