{"stats":{"minecraft:used":{"minecraft:stone_sword":110,"minecraft:stone_pickaxe":220,"minecraft:chest":2,"minecraft:wooden_pickaxe":60,"minecraft:oak_door":1,"minecraft:torch":1,"minecraft:dirt":12,"minecraft:crafting_table":2,"minecraft:white_bed":2,"minecraft:bread":21,"minecraft:gravel":1,"minecraft:stone_axe":25,"minecraft:cobblestone":76,"minecraft:furnace":1,"tombstone:gift":5,"minecraft:yellow_bed":1},"minecraft:mined":{"minecraft:oak_slab":1,"minecraft:white_bed":2,"iceandfire:silver_ore":5,"minecraft:oak_door":2,"minecraft:crafting_table":1,"minecraft:grass_block":10,"minecraft:chest":2,"minecraft:coal_block":7,"minecraft:copper_ore":19,"minecraft:cobblestone":13,"minecraft:oak_planks":3,"minecraft:wall_torch":1,"minecraft:hay_block":57,"minecraft:fletching_table":1,"minecraft:yellow_bed":1,"minecraft:bell":1,"minecraft:grass":1,"minecraft:coal_ore":138,"minecraft:oak_log":9,"minecraft:dirt_path":2,"minecraft:oak_stairs":1,"minecraft:dirt":1,"luminousworld:grassvariant_3":1,"minecraft:stone":96,"minecraft:oak_leaves":4},"minecraft:dropped":{"minecraft:rotten_flesh":1,"minecraft:clay_ball":3,"minecraft:white_bed":2,"minecraft:oak_stairs":1},"minecraft:picked_up":{"minecraft:birch_log":2,"born_in_chaos_v1:corpse_maggot":2,"minecraft:allium":2,"minecraft:crafting_table":2,"minecraft:wheat":2,"minecraft:clay_ball":3,"minecraft:salmon":1,"minecraft:oak_stairs":1,"minecraft:oak_log":9,"minecraft:yellow_bed":1,"minecraft:string":4,"minecraft:dirt":12,"minecraft:lantern":4,"minecraft:raw_copper":73,"minecraft:bone":2,"minecraft:apple":1,"minecraft:wheat_seeds":3,"minecraft:bell":1,"minecraft:iron_ingot":1,"minecraft:poppy":1,"minecraft:fletching_table":1,"minecraft:coal_block":7,"minecraft:chest":2,"minecraft:oak_planks":3,"minecraft:oak_slab":1,"minecraft:oak_door":2,"minecraft:torch":2,"born_in_chaos_v1:ethereal_spirit":2,"earthmobsmod:harder_flesh":3,"minecraft:gravel":1,"minecraft:cherry_log":1,"tombstone:grave_dust":3,"minecraft:white_bed":4,"minecraft:spider_eye":1,"minecraft:stone_sword":1,"minecraft:rotten_flesh":11,"minecraft:stone_axe":1,"minecraft:hay_block":57,"minecraft:bread":9,"alexsmobs:maggot":2,"minecraft:coal":138,"iceandfire:raw_silver":5,"minecraft:cobblestone":115,"minecraft:seagrass":1},"minecraft:killed_by":{"undead_revamp2:thespitter":1,"undead_revamp2:thehorrors":2},"minecraft:custom":{"minecraft:interact_with_furnace":17,"minecraft:mob_kills":29,"minecraft:interact_with_crafting_table":18,"minecraft:bell_ring":2,"minecraft:leave_game":4,"minecraft:time_since_death":22124,"minecraft:sleep_in_bed":6,"minecraft:climb_one_cm":895,"minecraft:time_since_rest":13386,"minecraft:sprint_one_cm":106542,"minecraft:damage_taken":1738,"minecraft:walk_one_cm":227211,"minecraft:drop":5,"minecraft:damage_dealt":4777,"minecraft:swim_one_cm":1662,"minecraft:fly_one_cm":133333,"minecraft:open_chest":16,"minecraft:crouch_one_cm":20205,"minecraft:play_time":92771,"tombstone:undead_killed":14,"minecraft:deaths":3,"minecraft:sneak_time":9325,"minecraft:walk_under_water_one_cm":7737,"minecraft:jump":1150,"minecraft:walk_on_water_one_cm":4407,"minecraft:total_world_time":92771,"minecraft:fall_one_cm":22970},"minecraft:broken":{"minecraft:stone_pickaxe":1,"minecraft:wooden_pickaxe":1},"minecraft:crafted":{"minecraft:coal_block":15,"minecraft:oak_planks":20,"minecraft:wooden_pickaxe":1,"iceandfire:armor_copper_metal_leggings":1,"minecraft:furnace":1,"minecraft:copper_ingot":24,"iceandfire:armor_copper_metal_helmet":1,"minecraft:bread":99,"minecraft:air":0,"iceandfire:armor_copper_metal_boots":1,"minecraft:stick":8,"iceandfire:armor_copper_metal_chestplate":1,"minecraft:stone_pickaxe":2,"minecraft:stone_sword":1,"minecraft:wheat":297},"minecraft:killed":{"born_in_chaos_v1:barrel_zombie":1,"earthmobsmod:bouldering_zombie":3,"born_in_chaos_v1:restless_spirit":1,"born_in_chaos_v1:zombie_lumberjack":1,"minecraft:spider":1,"luminousworld:frost_bitten_skeleton":1,"enemyexpansion:sprinter":1,"enemyexpansion:direwolf":1,"born_in_chaos_v1:maggot":2,"minecraft:skeleton":1,"undead_revamp2:thesomnolence":6,"minecraft:zombie":3,"takesapillage:clay_golem":1,"born_in_chaos_v1:corpse_fly":1,"enemyexpansion:huntsman":2,"alexsmobs:fly":1,"enemyexpansion:slugger":1}},"DataVersion":3465}