{"stats":{"minecraft:used":{"minecraft:stone_sword":256,"minecraft:stone_pickaxe":278,"minecraft:shield":70,"minecraft:chest":2,"minecraft:wooden_pickaxe":60,"minecraft:oak_door":1,"minecraft:torch":2,"minecraft:dirt":51,"minecraft:crafting_table":2,"minecraft:white_bed":2,"minecraft:bread":40,"minecraft:gravel":1,"minecraft:stone_axe":28,"minecraft:cobblestone":99,"minecraft:bow":4,"minecraft:furnace":1,"tombstone:gift":5,"minecraft:yellow_bed":1},"minecraft:mined":{"minecraft:oak_slab":1,"minecraft:white_bed":2,"iceandfire:silver_ore":16,"minecraft:oak_door":2,"minecraft:crafting_table":1,"minecraft:torch":1,"minecraft:grass_block":40,"minecraft:chest":2,"minecraft:coal_block":7,"minecraft:copper_ore":19,"minecraft:cobblestone":13,"minecraft:oak_planks":3,"minecraft:wall_torch":1,"minecraft:hay_block":57,"minecraft:iron_ore":1,"minecraft:fletching_table":1,"minecraft:yellow_bed":1,"minecraft:bell":1,"minecraft:grass":2,"minecraft:coal_ore":164,"minecraft:oak_log":9,"minecraft:dirt_path":2,"minecraft:oak_stairs":1,"minecraft:dirt":15,"luminousworld:grassvariant_3":1,"minecraft:stone":116,"minecraft:oak_leaves":4},"minecraft:dropped":{"minecraft:rotten_flesh":1,"minecraft:clay_ball":3,"minecraft:white_bed":2,"minecraft:dirt":6,"minecraft:oak_stairs":1,"minecraft:stone_pickaxe":1,"minecraft:string":2},"minecraft:picked_up":{"minecraft:birch_log":2,"born_in_chaos_v1:corpse_maggot":2,"minecraft:allium":2,"minecraft:crafting_table":2,"minecraft:wheat":2,"born_in_chaos_v1:seedof_chaos":1,"minecraft:clay_ball":3,"minecraft:salmon":1,"minecraft:oak_stairs":1,"minecraft:oak_log":9,"minecraft:gunpowder":1,"minecraft:yellow_bed":1,"minecraft:string":5,"minecraft:dirt":57,"minecraft:lantern":4,"minecraft:raw_copper":73,"minecraft:bone":10,"minecraft:apple":1,"minecraft:bow":1,"minecraft:wheat_seeds":67,"minecraft:bell":1,"minecraft:iron_ingot":1,"minecraft:iron_nugget":9,"minecraft:poppy":1,"minecraft:fletching_table":1,"minecraft:coal_block":7,"minecraft:chest":2,"minecraft:oak_planks":3,"minecraft:oak_slab":1,"minecraft:raw_iron":1,"born_in_chaos_v1:shattered_skull":2,"minecraft:oak_door":2,"born_in_chaos_v1:orbofthe_summoner":1,"minecraft:torch":3,"born_in_chaos_v1:ethereal_spirit":2,"earthmobsmod:harder_flesh":3,"minecraft:gravel":1,"minecraft:cherry_log":1,"tombstone:grave_dust":6,"minecraft:white_bed":4,"minecraft:spider_eye":2,"minecraft:arrow":4,"minecraft:stone_sword":1,"minecraft:rotten_flesh":23,"minecraft:stone_axe":1,"minecraft:hay_block":57,"minecraft:bread":9,"supplementaries:ash":1,"alexsmobs:maggot":2,"born_in_chaos_v1:fused_bone":2,"undead_revamp2:arapholia":1,"minecraft:coal":164,"iceandfire:raw_silver":16,"minecraft:cobblestone":139,"minecraft:seagrass":1},"minecraft:killed_by":{"undead_revamp2:theskeeper":1,"undead_revamp2:sucker":1,"born_in_chaos_v1:supreme_bonescaller_stage_2":2,"born_in_chaos_v1:bone_imp_minion":1,"undead_revamp2:thespitter":1,"undead_revamp2:thehorrors":2},"minecraft:custom":{"minecraft:interact_with_furnace":33,"minecraft:mob_kills":62,"minecraft:interact_with_crafting_table":28,"minecraft:bell_ring":2,"minecraft:damage_dealt_resisted":1236,"minecraft:leave_game":4,"minecraft:time_since_death":4608,"minecraft:sleep_in_bed":6,"minecraft:climb_one_cm":895,"minecraft:time_since_rest":3343,"minecraft:sprint_one_cm":231521,"minecraft:damage_taken":3945,"minecraft:walk_one_cm":446150,"minecraft:damage_blocked_by_shield":1080,"minecraft:drop":8,"minecraft:damage_dealt":10839,"minecraft:swim_one_cm":1662,"minecraft:fly_one_cm":261245,"minecraft:open_chest":60,"minecraft:crouch_one_cm":26812,"minecraft:play_time":158771,"tombstone:undead_killed":39,"minecraft:deaths":8,"minecraft:sneak_time":12144,"minecraft:walk_under_water_one_cm":7737,"minecraft:jump":2270,"minecraft:walk_on_water_one_cm":4671,"minecraft:total_world_time":158771,"minecraft:fall_one_cm":43393},"minecraft:broken":{"minecraft:stone_pickaxe":2,"minecraft:stone_sword":1,"minecraft:wooden_pickaxe":1},"minecraft:crafted":{"minecraft:coal_block":18,"minecraft:oak_planks":20,"iceandfire:silver_ingot":14,"minecraft:wooden_pickaxe":1,"iceandfire:armor_copper_metal_leggings":1,"minecraft:furnace":1,"minecraft:copper_ingot":24,"iceandfire:armor_copper_metal_helmet":1,"minecraft:bread":135,"minecraft:air":0,"iceandfire:armor_copper_metal_boots":1,"minecraft:bow":1,"minecraft:shield":1,"minecraft:stick":20,"minecraft:iron_ingot":2,"iceandfire:armor_copper_metal_chestplate":1,"minecraft:stone_pickaxe":4,"minecraft:stone_sword":2,"minecraft:wheat":405},"minecraft:killed":{"born_in_chaos_v1:barrel_zombie":1,"earthmobsmod:bouldering_zombie":3,"undead_revamp2:thehunter":1,"born_in_chaos_v1:bone_imp_minion":10,"born_in_chaos_v1:restless_spirit":1,"born_in_chaos_v1:zombie_lumberjack":1,"undead_revamp2:the_moonflower":2,"minecraft:spider":3,"luminousworld:frost_bitten_skeleton":1,"enemyexpansion:sprinter":2,"born_in_chaos_v1:siamese_skeletonsright":1,"minecraft:creeper":1,"enemyexpansion:direwolf":1,"born_in_chaos_v1:decrepit_skeleton":2,"born_in_chaos_v1:maggot":4,"minecraft:skeleton":3,"undead_revamp2:thesomnolence":6,"minecraft:zombie":5,"takesapillage:clay_golem":1,"born_in_chaos_v1:corpse_fly":1,"enemyexpansion:huntsman":2,"born_in_chaos_v1:skeleton_thrasher":1,"alexsmobs:fly":1,"undead_revamp2:sucker":1,"born_in_chaos_v1:siamese_skeletonsleft":1,"enemyexpansion:slugger":2}},"DataVersion":3465}