{"stats":{"minecraft:used":{"iceandfire:lectern":2,"minecraft:oak_fence":1,"minecraft:stone_sword":256,"iceandfire:silver_sword":236,"iceandfire:armor_copper_metal_leggings":1,"minecraft:spruce_planks":8,"minecraft:chest":2,"minecraft:shield":101,"minecraft:oak_door":2,"minecraft:torch":3,"minecraft:dirt":80,"minecraft:anvil":1,"minecraft:bow":7,"minecraft:furnace":1,"tombstone:gift":6,"minecraft:potato":2,"minecraft:cobbled_deepslate":9,"minecraft:pumpkin":1,"minecraft:mossy_stone_bricks":1,"minecraft:baked_potato":7,"minecraft:stone_pickaxe":395,"minecraft:wooden_pickaxe":60,"minecraft:crafting_table":4,"minecraft:blast_furnace":1,"minecraft:white_bed":2,"minecraft:bread":65,"minecraft:iron_pickaxe":6,"minecraft:gravel":6,"minecraft:stone_axe":28,"ecologics:coconut_slice":18,"minecraft:cobblestone":111,"quark:oak_chest":3,"minecraft:yellow_bed":1},"minecraft:mined":{"luminousworld:white_petunias":1,"minecraft:spruce_planks":11,"minecraft:white_bed":2,"iceandfire:silver_ore":33,"minecraft:mossy_cobblestone":4,"luminousworld:grassvariant_4":1,"minecraft:oak_door":2,"minecraft:grass_block":52,"iceandfire:lectern":1,"iceandfire:deepslate_silver_ore":2,"luminousworld:grassvariant_2":1,"minecraft:coal_block":23,"minecraft:spruce_leaves":1,"minecraft:spawner":1,"minecraft:hay_block":71,"minecraft:iron_ore":25,"minecraft:fire":8,"minecraft:anvil":1,"minecraft:fletching_table":1,"minecraft:bell":1,"iceandfire:gold_pile":6,"minecraft:vine":1,"minecraft:deepslate_iron_ore":8,"minecraft:dirt_path":2,"minecraft:oak_stairs":1,"minecraft:stripped_oak_log":4,"minecraft:stone":126,"minecraft:oak_slab":1,"quark:oak_chest":1,"minecraft:oak_fence":3,"minecraft:crafting_table":1,"minecraft:torch":1,"minecraft:blast_furnace":1,"minecraft:chest":4,"minecraft:tall_grass":2,"minecraft:copper_ore":19,"minecraft:cobblestone":32,"minecraft:oak_planks":3,"minecraft:iron_door":1,"minecraft:wall_torch":2,"supplementaries:urn":3,"minecraft:spruce_stairs":1,"minecraft:birch_leaves":1,"minecraft:yellow_bed":1,"minecraft:grass":8,"iceandfire:silver_pile":5,"minecraft:oak_log":9,"minecraft:coal_ore":168,"minecraft:gravel":5,"minecraft:dirt":35,"luminousworld:grassvariant_3":1,"minecraft:cracked_stone_bricks":1,"minecraft:mossy_stone_bricks":1,"minecraft:oak_leaves":7,"minecraft:deepslate":10},"minecraft:dropped":{"minecraft:poisonous_potato":6,"minecraft:cobblestone":22,"minecraft:lantern":2,"minecraft:leather":3,"minecraft:cracked_stone_bricks":1,"minecraft:coal":4,"minecraft:leather_helmet":1,"artifacts:night_vision_goggles":1,"minecraft:dirt":6,"minecraft:rabbit":1,"alexsmobs:flying_fish":1,"tombstone:grave_dust":1,"minecraft:gold_nugget":1,"minecraft:pumpkin":2,"minecraft:oak_stairs":1,"minecraft:string":5,"minecraft:gold_ingot":9,"iceandfire:silver_nugget":12,"alexsmobs:maggot":2,"minecraft:stone_sword":1,"minecraft:cobbled_deepslate":1,"alexscaves:cave_tablet":1,"minecraft:raw_iron":20,"minecraft:rotten_flesh":8,"minecraft:clay_ball":3,"aether:leather_gloves":1,"minecraft:white_bed":2,"minecraft:filled_map":1,"minecraft:hay_block":11,"minecraft:iron_chestplate":1,"born_in_chaos_v1:corpse_maggot":2,"minecraft:mossy_stone_bricks":2,"ecologics:coconut_husk":13,"minecraft:stone_pickaxe":1,"iceandfire:manuscript":1},"minecraft:picked_up":{"minecraft:seagrass":1,"minecraft:iron_chestplate":1,"minecraft:crafting_table":2,"minecraft:wheat":10,"minecraft:allium":2,"minecraft:anvil":1,"artifacts:night_vision_goggles":2,"minecraft:clay_ball":3,"born_in_chaos_v1:seedof_chaos":1,"alexscaves:cave_tablet":1,"minecraft:oak_stairs":1,"minecraft:enchanted_book":1,"aether:leather_gloves":1,"minecraft:string":8,"minecraft:raw_copper":73,"minecraft:iron_leggings":1,"minecraft:cracked_stone_bricks":1,"minecraft:gold_nugget":82,"minecraft:cobbled_deepslate":10,"minecraft:spruce_planks":15,"minecraft:beef":14,"minecraft:iron_nugget":9,"minecraft:poppy":1,"minecraft:iron_pickaxe":1,"minecraft:coal_block":23,"minecraft:chest":4,"ecologics:crab_claw":1,"minecraft:raw_iron":105,"born_in_chaos_v1:shattered_skull":2,"minecraft:oak_door":2,"ecologics:coconut_slice":18,"minecraft:oak_fence":1,"minecraft:torch":5,"minecraft:spruce_stairs":1,"minecraft:cherry_log":1,"tombstone:grave_dust":10,"born_in_chaos_v1:pieceofdarkmetal":2,"minecraft:dark_oak_planks":1,"minecraft:rotten_flesh":33,"minecraft:stone_sword":1,"minecraft:arrow":22,"minecraft:hay_block":82,"supplementaries:ash":5,"alexsmobs:flying_fish":1,"quark:music_disc_wind":1,"undead_revamp2:arapholia":1,"born_in_chaos_v1:fused_bone":2,"minecraft:cobblestone":170,"minecraft:stripped_oak_log":4,"minecraft:birch_log":2,"born_in_chaos_v1:corpse_maggot":2,"minecraft:feather":3,"born_in_chaos_v1:monster_flesh":1,"minecraft:iron_door":1,"minecraft:salmon":1,"minecraft:leather":3,"minecraft:potato":12,"minecraft:filled_map":1,"minecraft:oak_log":9,"iceandfire:ectoplasm":1,"minecraft:yellow_bed":1,"minecraft:gunpowder":1,"minecraft:paper":20,"minecraft:dirt":86,"minecraft:lantern":6,"minecraft:coast_armor_trim_smithing_template":2,"minecraft:bone":27,"supplementaries:cartographers_quill":1,"minecraft:apple":1,"minecraft:bow":1,"minecraft:wheat_seeds":67,"minecraft:bell":1,"minecraft:iron_ingot":7,"minecraft:mossy_stone_bricks":3,"minecraft:fletching_table":1,"minecraft:rabbit":1,"minecraft:oak_planks":3,"minecraft:oak_slab":1,"minecraft:pumpkin":3,"born_in_chaos_v1:orbofthe_summoner":1,"born_in_chaos_v1:ethereal_spirit":2,"minecraft:poisonous_potato":6,"earthmobsmod:harder_flesh":3,"minecraft:gravel":6,"quark:oak_chest":1,"minecraft:blast_furnace":1,"minecraft:white_bed":4,"minecraft:spider_eye":2,"minecraft:leather_helmet":1,"undead_revamp2:rawbostrox":2,"iceandfire:silver_sword":3,"minecraft:stone_axe":1,"iceandfire:lectern":1,"minecraft:chainmail_leggings":1,"minecraft:iron_helmet":1,"minecraft:chainmail_helmet":1,"minecraft:emerald":5,"minecraft:bread":9,"minecraft:oak_sapling":1,"alexsmobs:maggot":2,"iceandfire:silver_nugget":12,"minecraft:coal":172,"iceandfire:raw_silver":35},"minecraft:broken":{"minecraft:stone_sword":1,"minecraft:wooden_pickaxe":1,"minecraft:stone_pickaxe":3,"iceandfire:armor_copper_metal_leggings":1,"iceandfire:armor_copper_metal_chestplate":1,"iceandfire:armor_copper_metal_boots":1,"iceandfire:armor_copper_metal_helmet":1},"minecraft:custom":{"minecraft:mob_kills":119,"minecraft:interact_with_crafting_table":38,"minecraft:open_barrel":9,"minecraft:bell_ring":2,"minecraft:damage_dealt_resisted":2154,"minecraft:eat_cake_slice":2,"minecraft:leave_game":5,"minecraft:time_since_death":1919,"minecraft:climb_one_cm":20133,"minecraft:sprint_one_cm":687831,"minecraft:walk_one_cm":947864,"minecraft:damage_blocked_by_shield":1725,"minecraft:drop":44,"minecraft:play_time":322061,"minecraft:deaths":15,"minecraft:sneak_time":16252,"minecraft:walk_under_water_one_cm":17792,"minecraft:jump":5730,"minecraft:interact_with_blast_furnace":15,"minecraft:walk_on_water_one_cm":33818,"minecraft:total_world_time":322061,"minecraft:interact_with_furnace":75,"tombstone:raider_killed":1,"minecraft:sleep_in_bed":8,"minecraft:time_since_rest":1,"minecraft:damage_taken":2147483647,"minecraft:trigger_trapped_chest":1,"minecraft:damage_dealt":22518,"minecraft:swim_one_cm":26919,"minecraft:fly_one_cm":902280,"minecraft:open_chest":156,"minecraft:crouch_one_cm":36314,"tombstone:undead_killed":61,"minecraft:interact_with_smoker":1,"minecraft:fall_one_cm":94695},"minecraft:killed_by":{"undead_revamp2:theskeeper":1,"undead_revamp2:sucker":1,"born_in_chaos_v1:baby_skeleton":1,"born_in_chaos_v1:bone_imp_minion":1,"undead_revamp2:thespitter":1,"undead_revamp2:thehorrors":2,"iceandfire:gorgon":1,"minecraft:skeleton":1,"born_in_chaos_v1:supreme_bonescaller_stage_2":2,"iceandfire:ghost":1,"born_in_chaos_v1:dread_hound":1},"minecraft:killed":{"earthmobsmod:hyper_rabbit":1,"undead_revamp2:thehunter":1,"born_in_chaos_v1:restless_spirit":1,"born_in_chaos_v1:zombie_lumberjack":1,"creeperoverhaul:beach_creeper":1,"minecraft:spider":4,"luminousworld:frost_bitten_skeleton":1,"enemyexpansion:direwolf":2,"enemyexpansion:goblin_fear":1,"born_in_chaos_v1:siamese_skeletonsright":1,"born_in_chaos_v1:zombie_bruiser":1,"born_in_chaos_v1:maggot":9,"minecraft:skeleton":9,"takesapillage:clay_golem":1,"born_in_chaos_v1:skeleton_thrasher":1,"minecraft:silverfish":5,"undead_revamp2:sucker":1,"enemyexpansion:goblin":1,"born_in_chaos_v1:barrel_zombie":2,"earthmobsmod:bouldering_zombie":3,"born_in_chaos_v1:bone_imp_minion":10,"minecraft:zombie_villager":3,"undead_revamp2:the_moonflower":2,"earthmobsmod:lobber_zombie":1,"undead_revamp2:theheavy":1,"enemyexpansion:sprinter":2,"minecraft:creeper":1,"born_in_chaos_v1:decrepit_skeleton":2,"undead_revamp2:thesomnolence":6,"minecraft:zombie":9,"iceandfire:ghost":3,"born_in_chaos_v1:dread_hound":2,"born_in_chaos_v1:corpse_fly":2,"enemyexpansion:huntsman":3,"alexsmobs:fly":1,"born_in_chaos_v1:door_knight":1,"takesapillage:archer":1,"minecraft:cow":6,"born_in_chaos_v1:siamese_skeletonsleft":1,"enemyexpansion:slugger":2},"minecraft:crafted":{"minecraft:oak_door":3,"minecraft:oak_planks":52,"minecraft:furnace":1,"iceandfire:lectern":1,"iceandfire:armor_copper_metal_leggings":2,"iceandfire:armor_copper_metal_helmet":1,"iceandfire:armor_copper_metal_boots":1,"minecraft:bow":1,"minecraft:stone_pickaxe":4,"iceandfire:armor_copper_metal_chestplate":1,"minecraft:cooked_beef":11,"minecraft:wheat":631,"minecraft:coal_block":22,"iceandfire:silver_ingot":35,"minecraft:crafting_table":2,"minecraft:baked_potato":12,"minecraft:wooden_pickaxe":1,"minecraft:copper_ingot":73,"minecraft:bread":213,"minecraft:air":0,"minecraft:shield":1,"quark:oak_chest":2,"minecraft:stick":20,"minecraft:iron_ingot":86,"minecraft:stone_sword":2,"minecraft:gold_ingot":9,"iceandfire:silver_sword":1}},"DataVersion":3465}