{"stats":{"minecraft:used":{"iceandfire:lectern":1,"minecraft:oak_fence":1,"minecraft:stone_sword":256,"iceandfire:silver_sword":40,"minecraft:chest":2,"minecraft:shield":77,"minecraft:oak_door":2,"minecraft:torch":3,"minecraft:dirt":76,"minecraft:bow":5,"minecraft:furnace":1,"tombstone:gift":5,"minecraft:cobbled_deepslate":9,"minecraft:stone_pickaxe":320,"minecraft:wooden_pickaxe":60,"minecraft:crafting_table":4,"minecraft:white_bed":2,"minecraft:bread":49,"minecraft:gravel":1,"minecraft:stone_axe":28,"ecologics:coconut_slice":4,"minecraft:cobblestone":109,"minecraft:yellow_bed":1},"minecraft:mined":{"minecraft:spruce_planks":6,"minecraft:white_bed":2,"iceandfire:silver_ore":16,"minecraft:mossy_cobblestone":4,"luminousworld:grassvariant_4":1,"minecraft:oak_door":2,"minecraft:grass_block":52,"iceandfire:lectern":1,"iceandfire:deepslate_silver_ore":2,"minecraft:coal_block":7,"minecraft:spruce_leaves":1,"minecraft:hay_block":57,"minecraft:iron_ore":1,"minecraft:fletching_table":1,"minecraft:bell":1,"minecraft:vine":1,"minecraft:deepslate_iron_ore":8,"minecraft:dirt_path":2,"minecraft:oak_stairs":1,"minecraft:stripped_oak_log":4,"minecraft:stone":116,"minecraft:oak_slab":1,"minecraft:oak_fence":1,"minecraft:crafting_table":1,"minecraft:torch":1,"minecraft:chest":2,"minecraft:copper_ore":19,"minecraft:cobblestone":26,"minecraft:oak_planks":3,"minecraft:wall_torch":1,"supplementaries:urn":1,"minecraft:yellow_bed":1,"minecraft:grass":5,"minecraft:oak_log":9,"minecraft:coal_ore":168,"minecraft:dirt":30,"luminousworld:grassvariant_3":1,"minecraft:oak_leaves":5,"minecraft:deepslate":10},"minecraft:dropped":{"artifacts:night_vision_goggles":1,"minecraft:dirt":6,"minecraft:rabbit":1,"minecraft:oak_stairs":1,"minecraft:string":2,"minecraft:cobbled_deepslate":1,"alexscaves:cave_tablet":1,"minecraft:rotten_flesh":3,"minecraft:clay_ball":3,"minecraft:white_bed":2,"minecraft:stone_pickaxe":1,"iceandfire:manuscript":1},"minecraft:picked_up":{"minecraft:seagrass":1,"minecraft:crafting_table":2,"minecraft:wheat":2,"minecraft:allium":2,"artifacts:night_vision_goggles":2,"minecraft:clay_ball":3,"born_in_chaos_v1:seedof_chaos":1,"alexscaves:cave_tablet":1,"minecraft:oak_stairs":1,"minecraft:string":6,"minecraft:raw_copper":73,"minecraft:cobbled_deepslate":10,"minecraft:spruce_planks":6,"minecraft:iron_nugget":9,"minecraft:poppy":1,"minecraft:coal_block":7,"minecraft:chest":2,"ecologics:crab_claw":1,"minecraft:raw_iron":61,"born_in_chaos_v1:shattered_skull":2,"minecraft:oak_door":2,"ecologics:coconut_slice":18,"minecraft:oak_fence":1,"minecraft:torch":4,"minecraft:cherry_log":1,"tombstone:grave_dust":7,"minecraft:rotten_flesh":28,"minecraft:stone_sword":1,"minecraft:arrow":6,"minecraft:hay_block":57,"supplementaries:ash":4,"quark:music_disc_wind":1,"undead_revamp2:arapholia":1,"born_in_chaos_v1:fused_bone":2,"minecraft:cobblestone":154,"minecraft:stripped_oak_log":4,"minecraft:birch_log":2,"born_in_chaos_v1:corpse_maggot":2,"minecraft:salmon":1,"minecraft:oak_log":9,"minecraft:yellow_bed":1,"minecraft:gunpowder":1,"minecraft:dirt":82,"minecraft:lantern":4,"minecraft:bone":10,"minecraft:apple":1,"minecraft:bow":1,"minecraft:wheat_seeds":67,"minecraft:bell":1,"minecraft:iron_ingot":7,"minecraft:fletching_table":1,"minecraft:rabbit":1,"minecraft:oak_planks":3,"minecraft:oak_slab":1,"born_in_chaos_v1:orbofthe_summoner":1,"born_in_chaos_v1:ethereal_spirit":2,"earthmobsmod:harder_flesh":3,"minecraft:gravel":1,"minecraft:white_bed":4,"minecraft:spider_eye":2,"undead_revamp2:rawbostrox":2,"minecraft:stone_axe":1,"iceandfire:lectern":1,"minecraft:chainmail_helmet":1,"minecraft:emerald":5,"minecraft:bread":9,"alexsmobs:maggot":2,"minecraft:coal":168,"iceandfire:raw_silver":18},"minecraft:broken":{"minecraft:stone_sword":1,"minecraft:wooden_pickaxe":1,"minecraft:stone_pickaxe":2,"iceandfire:armor_copper_metal_leggings":1,"iceandfire:armor_copper_metal_chestplate":1,"iceandfire:armor_copper_metal_boots":1,"iceandfire:armor_copper_metal_helmet":1},"minecraft:custom":{"minecraft:mob_kills":71,"minecraft:interact_with_crafting_table":31,"minecraft:open_barrel":2,"minecraft:bell_ring":2,"minecraft:damage_dealt_resisted":1399,"minecraft:leave_game":5,"minecraft:time_since_death":6329,"minecraft:climb_one_cm":17776,"minecraft:sprint_one_cm":458642,"minecraft:walk_one_cm":692917,"minecraft:damage_blocked_by_shield":1180,"minecraft:drop":15,"minecraft:play_time":232061,"minecraft:deaths":13,"minecraft:sneak_time":14925,"minecraft:walk_under_water_one_cm":14209,"minecraft:jump":3774,"minecraft:walk_on_water_one_cm":19482,"minecraft:total_world_time":232061,"minecraft:interact_with_furnace":45,"minecraft:sleep_in_bed":6,"minecraft:time_since_rest":6282,"minecraft:damage_taken":2147483647,"minecraft:trigger_trapped_chest":1,"minecraft:damage_dealt":12893,"minecraft:swim_one_cm":19057,"minecraft:fly_one_cm":607015,"minecraft:open_chest":83,"minecraft:crouch_one_cm":33929,"tombstone:undead_killed":43,"minecraft:fall_one_cm":70280},"minecraft:killed_by":{"undead_revamp2:theskeeper":1,"undead_revamp2:sucker":1,"born_in_chaos_v1:baby_skeleton":1,"born_in_chaos_v1:bone_imp_minion":1,"undead_revamp2:thespitter":1,"undead_revamp2:thehorrors":2,"iceandfire:gorgon":1,"born_in_chaos_v1:supreme_bonescaller_stage_2":2,"iceandfire:ghost":1},"minecraft:killed":{"earthmobsmod:hyper_rabbit":1,"undead_revamp2:thehunter":1,"born_in_chaos_v1:restless_spirit":1,"born_in_chaos_v1:zombie_lumberjack":1,"minecraft:spider":3,"luminousworld:frost_bitten_skeleton":1,"enemyexpansion:direwolf":1,"born_in_chaos_v1:siamese_skeletonsright":1,"born_in_chaos_v1:maggot":7,"minecraft:skeleton":3,"takesapillage:clay_golem":1,"born_in_chaos_v1:skeleton_thrasher":1,"undead_revamp2:sucker":1,"born_in_chaos_v1:barrel_zombie":2,"earthmobsmod:bouldering_zombie":3,"born_in_chaos_v1:bone_imp_minion":10,"undead_revamp2:the_moonflower":2,"undead_revamp2:theheavy":1,"enemyexpansion:sprinter":2,"minecraft:creeper":1,"born_in_chaos_v1:decrepit_skeleton":2,"undead_revamp2:thesomnolence":6,"minecraft:zombie":5,"iceandfire:ghost":1,"born_in_chaos_v1:corpse_fly":1,"enemyexpansion:huntsman":3,"alexsmobs:fly":1,"born_in_chaos_v1:siamese_skeletonsleft":1,"enemyexpansion:slugger":2},"minecraft:crafted":{"minecraft:oak_door":3,"minecraft:oak_planks":36,"minecraft:furnace":1,"iceandfire:lectern":1,"iceandfire:armor_copper_metal_leggings":1,"iceandfire:armor_copper_metal_helmet":1,"iceandfire:armor_copper_metal_boots":1,"minecraft:bow":1,"minecraft:stone_pickaxe":4,"iceandfire:armor_copper_metal_chestplate":1,"minecraft:wheat":405,"minecraft:coal_block":18,"iceandfire:silver_ingot":18,"minecraft:crafting_table":2,"minecraft:wooden_pickaxe":1,"minecraft:copper_ingot":24,"minecraft:bread":135,"minecraft:air":0,"minecraft:shield":1,"minecraft:stick":20,"minecraft:iron_ingot":62,"minecraft:stone_sword":2,"iceandfire:silver_sword":1}},"DataVersion":3465}