{"stats":{"minecraft:used":{"iceandfire:lectern":2,"minecraft:chest":2,"minecraft:shield":149,"minecraft:stone_bricks":2,"minecraft:bow":22,"minecraft:furnace":1,"minecraft:potato":2,"minecraft:mossy_stone_bricks":1,"minecraft:stone_pickaxe":395,"minecraft:wooden_pickaxe":60,"minecraft:blast_furnace":1,"minecraft:bread":83,"minecraft:gravel":6,"ecologics:coconut_slice":18,"minecraft:oak_fence":1,"minecraft:stone_sword":256,"iceandfire:silver_sword":402,"iceandfire:armor_copper_metal_leggings":1,"minecraft:spruce_planks":8,"minecraft:oak_door":2,"minecraft:torch":3,"minecraft:dirt":80,"minecraft:anvil":1,"naturalist:venison":1,"minecraft:granite":3,"iceandfire:gold_pile":1,"minecraft:gunpowder":1,"minecraft:beef":1,"tombstone:gift":7,"minecraft:cooked_beef":6,"minecraft:cobbled_deepslate":9,"minecraft:pumpkin":1,"minecraft:water_bucket":8,"minecraft:baked_potato":14,"minecraft:crafting_table":4,"minecraft:white_bed":2,"tombstone:bag_of_seeds":2,"minecraft:iron_pickaxe":52,"minecraft:stone_axe":28,"minecraft:cobblestone":123,"minecraft:bucket":8,"minecraft:yellow_bed":1,"quark:oak_chest":3},"minecraft:mined":{"luminousworld:white_petunias":1,"minecraft:spruce_planks":13,"minecraft:white_bed":2,"minecraft:granite":1,"minecraft:grass_block":52,"iceandfire:lectern":1,"minecraft:coal_block":31,"minecraft:spawner":1,"minecraft:tall_seagrass":2,"minecraft:iron_ore":36,"minecraft:fire":9,"minecraft:fletching_table":1,"minecraft:anvil":1,"iceandfire:gold_pile":39,"minecraft:dirt_path":2,"minecraft:oak_stairs":1,"minecraft:torch":1,"minecraft:blast_furnace":1,"minecraft:melon":1,"minecraft:chest":4,"minecraft:cobblestone":35,"minecraft:oak_planks":5,"minecraft:iron_door":1,"minecraft:wall_torch":2,"minecraft:grass":12,"minecraft:oak_log":9,"minecraft:dirt":35,"luminousworld:grassvariant_3":1,"minecraft:deepslate":10,"minecraft:oak_leaves":8,"iceandfire:silver_ore":35,"minecraft:mossy_cobblestone":4,"luminousworld:grassvariant_4":2,"minecraft:oak_door":2,"born_in_chaos_v1:infected_diamond_ore":1,"iceandfire:deepslate_silver_ore":2,"luminousworld:grassvariant_2":4,"minecraft:spruce_leaves":1,"minecraft:sandstone":1,"minecraft:hay_block":83,"minecraft:bell":1,"minecraft:deepslate_iron_ore":8,"minecraft:vine":1,"minecraft:stripped_oak_log":4,"minecraft:stone":135,"minecraft:oak_slab":1,"quark:oak_chest":1,"minecraft:oak_fence":4,"minecraft:crafting_table":1,"minecraft:copper_ore":19,"minecraft:tall_grass":3,"supplementaries:urn":14,"minecraft:spruce_stairs":1,"minecraft:birch_leaves":1,"minecraft:yellow_bed":1,"minecraft:coal_ore":168,"iceandfire:silver_pile":5,"minecraft:gravel":5,"minecraft:cobweb":2,"minecraft:cracked_stone_bricks":1,"minecraft:stone_bricks":2,"minecraft:mossy_stone_bricks":1},"minecraft:dropped":{"minecraft:iron_sword":1,"minecraft:cooked_beef":6,"minecraft:lantern":2,"minecraft:leather":6,"minecraft:cracked_stone_bricks":1,"minecraft:leather_helmet":1,"artifacts:night_vision_goggles":2,"minecraft:dirt":6,"alexsmobs:flying_fish":1,"minecraft:gold_nugget":1,"minecraft:gold_ingot":9,"minecraft:cobbled_deepslate":1,"alexscaves:cave_tablet":1,"minecraft:rotten_flesh":18,"minecraft:oak_planks":1,"aether:leather_gloves":1,"minecraft:white_bed":2,"supplementaries:flax_seeds":2,"minecraft:skeleton_skull":1,"born_in_chaos_v1:corpse_maggot":2,"ecologics:coconut_husk":13,"iceandfire:armor_copper_metal_leggings":1,"iceandfire:manuscript":1,"minecraft:bread":22,"minecraft:poisonous_potato":6,"minecraft:cobblestone":22,"minecraft:spruce_stairs":1,"minecraft:chainmail_helmet":2,"minecraft:coal":4,"minecraft:rabbit":1,"tombstone:grave_dust":1,"minecraft:oak_stairs":1,"minecraft:pumpkin":2,"minecraft:chainmail_leggings":2,"minecraft:string":5,"iceandfire:silver_nugget":12,"alexsmobs:maggot":2,"minecraft:oak_trapdoor":1,"minecraft:stone_sword":1,"minecraft:raw_iron":20,"minecraft:clay_ball":3,"minecraft:filled_map":1,"alexscaves:radgill":1,"minecraft:hay_block":11,"minecraft:shield":2,"minecraft:iron_chestplate":1,"minecraft:andesite":4,"minecraft:mossy_stone_bricks":2,"minecraft:stone_pickaxe":1},"minecraft:picked_up":{"minecraft:seagrass":1,"minecraft:iron_chestplate":1,"minecraft:wheat":10,"alexscaves:radgill":1,"minecraft:anvil":1,"minecraft:lead":1,"minecraft:oak_stairs":2,"alexscaves:cave_tablet":1,"minecraft:enchanted_book":1,"minecraft:string":15,"minecraft:raw_copper":73,"minecraft:iron_leggings":2,"minecraft:cobbled_deepslate":10,"minecraft:gold_nugget":376,"minecraft:spruce_planks":15,"minecraft:iron_pickaxe":1,"minecraft:melon_slice":5,"minecraft:coal_block":30,"ecologics:crab_claw":1,"born_in_chaos_v1:shattered_skull":3,"minecraft:oak_fence":1,"born_in_chaos_v1:phantom_powder":1,"minecraft:torch":5,"minecraft:spruce_stairs":1,"minecraft:cherry_log":1,"tombstone:grave_dust":10,"minecraft:stone_sword":1,"minecraft:rotten_flesh":51,"supplementaries:antique_ink":3,"supplementaries:ash":5,"undead_revamp2:arapholia":1,"alexsmobs:flying_fish":1,"minecraft:cobblestone":183,"minecraft:birch_log":2,"minecraft:feather":3,"minecraft:iron_door":1,"minecraft:andesite":4,"minecraft:potato":12,"minecraft:flint":2,"supplementaries:flax_seeds":2,"minecraft:dirt":86,"minecraft:lantern":6,"minecraft:bone":37,"supplementaries:cartographers_quill":1,"minecraft:bow":2,"minecraft:wheat_seeds":67,"minecraft:bell":1,"minecraft:mossy_stone_bricks":3,"minecraft:fletching_table":1,"minecraft:rabbit":1,"minecraft:oak_planks":4,"minecraft:poisonous_potato":6,"earthmobsmod:harder_flesh":3,"iceandfire:lectern":1,"minecraft:granite":8,"minecraft:bread":9,"minecraft:emerald":15,"minecraft:chainmail_helmet":2,"alexsmobs:maggot":2,"minecraft:oak_sapling":1,"iceandfire:silver_nugget":12,"iceandfire:raw_silver":37,"born_in_chaos_v1:diamond_termite_shard":1,"undead_revamp2:bostroxingot":1,"minecraft:crafting_table":2,"minecraft:allium":2,"artifacts:night_vision_goggles":2,"minecraft:clay_ball":3,"naturalist:venison":2,"born_in_chaos_v1:seedof_chaos":1,"minecraft:shield":1,"aether:leather_gloves":1,"minecraft:oak_trapdoor":1,"minecraft:iron_shovel":1,"minecraft:cracked_stone_bricks":1,"minecraft:beef":18,"minecraft:poppy":1,"minecraft:iron_nugget":9,"minecraft:chest":4,"minecraft:raw_iron":116,"minecraft:oak_door":2,"ecologics:coconut_slice":18,"artifacts:vampiric_glove":1,"born_in_chaos_v1:pieceofdarkmetal":2,"minecraft:dark_oak_planks":1,"minecraft:arrow":33,"minecraft:hay_block":94,"quark:music_disc_wind":1,"born_in_chaos_v1:fused_bone":2,"minecraft:stripped_oak_log":4,"born_in_chaos_v1:corpse_maggot":2,"born_in_chaos_v1:monster_flesh":1,"minecraft:salmon":1,"minecraft:leather":6,"minecraft:filled_map":1,"minecraft:oak_log":9,"iceandfire:ectoplasm":2,"minecraft:yellow_bed":1,"minecraft:gunpowder":2,"minecraft:paper":20,"minecraft:coast_armor_trim_smithing_template":2,"minecraft:apple":1,"minecraft:stone_bricks":2,"minecraft:iron_ingot":7,"minecraft:iron_sword":1,"minecraft:dark_oak_stairs":1,"minecraft:oak_slab":1,"minecraft:pumpkin":3,"born_in_chaos_v1:orbofthe_summoner":1,"born_in_chaos_v1:ethereal_spirit":2,"minecraft:gravel":6,"minecraft:blast_furnace":1,"minecraft:white_bed":4,"minecraft:spider_eye":2,"quark:oak_chest":1,"minecraft:leather_helmet":1,"undead_revamp2:rawbostrox":2,"minecraft:stone_axe":1,"iceandfire:silver_sword":4,"minecraft:chainmail_leggings":2,"minecraft:iron_helmet":1,"minecraft:coal":172},"minecraft:broken":{"minecraft:stone_pickaxe":3,"iceandfire:armor_copper_metal_helmet":1,"minecraft:stone_sword":1,"minecraft:wooden_pickaxe":1,"iceandfire:armor_copper_metal_leggings":1,"iceandfire:armor_copper_metal_chestplate":1,"iceandfire:armor_copper_metal_boots":1},"minecraft:custom":{"minecraft:interact_with_crafting_table":46,"minecraft:open_barrel":32,"minecraft:bell_ring":2,"minecraft:eat_cake_slice":2,"minecraft:leave_game":5,"minecraft:time_since_death":97919,"minecraft:sprint_one_cm":983329,"minecraft:damage_blocked_by_shield":3310,"minecraft:drop":93,"minecraft:play_time":418061,"minecraft:deaths":15,"minecraft:jump":7577,"minecraft:walk_on_water_one_cm":56729,"minecraft:interact_with_furnace":88,"minecraft:sleep_in_bed":10,"minecraft:damage_dealt":31425,"minecraft:crouch_one_cm":38222,"tombstone:undead_killed":80,"minecraft:interact_with_smoker":1,"minecraft:mob_kills":162,"minecraft:damage_dealt_resisted":2184,"minecraft:climb_one_cm":27833,"minecraft:walk_one_cm":1232750,"minecraft:sneak_time":17284,"minecraft:walk_under_water_one_cm":24599,"minecraft:interact_with_blast_furnace":23,"minecraft:total_world_time":418061,"tombstone:raider_killed":1,"minecraft:time_since_rest":0,"minecraft:damage_taken":2147483647,"minecraft:trigger_trapped_chest":1,"minecraft:swim_one_cm":57085,"minecraft:fly_one_cm":1284391,"minecraft:open_chest":207,"minecraft:fall_one_cm":133752},"minecraft:killed_by":{"undead_revamp2:theskeeper":1,"undead_revamp2:sucker":1,"born_in_chaos_v1:baby_skeleton":1,"born_in_chaos_v1:bone_imp_minion":1,"born_in_chaos_v1:supreme_bonescaller_stage_2":2,"undead_revamp2:thespitter":1,"undead_revamp2:thehorrors":2,"iceandfire:gorgon":1,"minecraft:skeleton":1,"iceandfire:ghost":1,"born_in_chaos_v1:dread_hound":1},"minecraft:crafted":{"minecraft:oak_planks":72,"iceandfire:lectern":1,"iceandfire:armor_copper_metal_boots":1,"minecraft:bow":1,"iceandfire:armor_copper_metal_chestplate":1,"sophisticatedbackpacks:backpack":1,"minecraft:crafting_table":2,"minecraft:wooden_pickaxe":1,"minecraft:baked_potato":14,"minecraft:copper_ingot":73,"minecraft:shield":3,"minecraft:stick":20,"quark:oak_chest":3,"minecraft:iron_ingot":100,"minecraft:stone_sword":2,"minecraft:gold_ingot":43,"iceandfire:gold_pile":1,"iceandfire:silver_sword":1,"minecraft:oak_door":3,"minecraft:furnace":1,"iceandfire:armor_copper_metal_leggings":2,"iceandfire:armor_copper_metal_helmet":1,"minecraft:stone_pickaxe":4,"sophisticatedbackpacks:iron_backpack":1,"minecraft:wheat":739,"minecraft:cooked_beef":17,"minecraft:coal_block":22,"iceandfire:silver_ingot":35,"minecraft:bread":250,"minecraft:air":0,"undead_revamp2:bostroxingot":2},"minecraft:killed":{"undead_revamp2:thewolf":1,"born_in_chaos_v1:zombie_lumberjack":1,"born_in_chaos_v1:restless_spirit":1,"creeperoverhaul:beach_creeper":1,"minecraft:spider":6,"luminousworld:frost_bitten_skeleton":1,"born_in_chaos_v1:siamese_skeletonsright":1,"minecraft:skeleton":17,"born_in_chaos_v1:skeleton_thrasher":1,"minecraft:silverfish":5,"artifacts:mimic":1,"born_in_chaos_v1:diamond_termite":1,"minecraft:zombie_villager":3,"earthmobsmod:lobber_zombie":1,"undead_revamp2:theheavy":1,"minecraft:creeper":1,"minecraft:zombie":12,"born_in_chaos_v1:dread_hound":2,"born_in_chaos_v1:corpse_fly":2,"alexsmobs:fly":1,"born_in_chaos_v1:door_knight":1,"takesapillage:archer":1,"born_in_chaos_v1:siamese_skeletonsleft":1,"minecraft:cow":8,"earthmobsmod:hyper_rabbit":1,"undead_revamp2:thehunter":1,"alexsmobs:seagull":1,"enemyexpansion:direwolf":6,"enemyexpansion:goblin_fear":1,"born_in_chaos_v1:zombie_bruiser":1,"born_in_chaos_v1:maggot":10,"naturalist:deer":1,"takesapillage:clay_golem":1,"undead_revamp2:sucker":1,"enemyexpansion:goblin":1,"born_in_chaos_v1:barrel_zombie":3,"earthmobsmod:bouldering_zombie":3,"born_in_chaos_v1:bone_imp_minion":10,"undead_revamp2:the_moonflower":2,"enemyexpansion:sprinter":5,"born_in_chaos_v1:decrepit_skeleton":3,"born_in_chaos_v1:bloody_gadfly":1,"undead_revamp2:thesomnolence":6,"iceandfire:ghost":4,"enemyexpansion:huntsman":4,"enemyexpansion:slugger":2}},"DataVersion":3465}