{"stats":{"minecraft:used":{"minecraft:stone_sword":18,"minecraft:bread":5,"minecraft:stone_pickaxe":94,"minecraft:wooden_pickaxe":17,"minecraft:stone_axe":15,"minecraft:torch":1,"minecraft:cobblestone":9,"minecraft:crafting_table":1,"minecraft:white_bed":1},"minecraft:mined":{"minecraft:hay_block":3,"minecraft:white_bed":1,"minecraft:oak_door":2,"minecraft:crafting_table":1,"minecraft:bell":1,"minecraft:grass":1,"minecraft:grass_block":2,"minecraft:oak_log":9,"minecraft:coal_ore":63,"minecraft:dirt_path":1,"minecraft:chest":2,"minecraft:dirt":1,"minecraft:coal_block":5,"minecraft:cobblestone":9,"minecraft:stone":33,"minecraft:oak_leaves":4,"minecraft:wall_torch":1},"minecraft:picked_up":{"minecraft:crafting_table":2,"minecraft:allium":2,"minecraft:clay_ball":3,"minecraft:oak_door":2,"minecraft:torch":2,"minecraft:gravel":1,"minecraft:oak_log":9,"minecraft:white_bed":2,"minecraft:dirt":4,"minecraft:string":2,"minecraft:lantern":2,"minecraft:stone_axe":1,"minecraft:bell":1,"minecraft:hay_block":3,"minecraft:bread":9,"alexsmobs:maggot":2,"minecraft:coal_block":5,"minecraft:chest":2,"minecraft:coal":63,"minecraft:cobblestone":49},"minecraft:killed_by":{"undead_revamp2:thespitter":1},"minecraft:custom":{"minecraft:time_since_rest":15973,"minecraft:sprint_one_cm":59304,"minecraft:damage_taken":380,"minecraft:walk_one_cm":96702,"minecraft:mob_kills":10,"minecraft:damage_dealt":917,"minecraft:swim_one_cm":1662,"minecraft:interact_with_crafting_table":2,"minecraft:fly_one_cm":85593,"minecraft:open_chest":2,"minecraft:crouch_one_cm":6519,"minecraft:play_time":32771,"tombstone:undead_killed":2,"minecraft:deaths":1,"minecraft:bell_ring":1,"minecraft:sneak_time":3412,"minecraft:walk_under_water_one_cm":7652,"minecraft:jump":665,"minecraft:leave_game":4,"minecraft:time_since_death":28468,"minecraft:walk_on_water_one_cm":3105,"minecraft:sleep_in_bed":1,"minecraft:climb_one_cm":602,"minecraft:total_world_time":32771,"minecraft:fall_one_cm":14874},"minecraft:killed":{"undead_revamp2:thesomnolence":6,"takesapillage:clay_golem":1,"enemyexpansion:huntsman":1,"luminousworld:frost_bitten_skeleton":1,"alexsmobs:fly":1},"minecraft:crafted":{"minecraft:oak_planks":20,"minecraft:stick":8,"minecraft:wooden_pickaxe":1,"minecraft:stone_pickaxe":1,"minecraft:stone_sword":1,"minecraft:wheat":27}},"DataVersion":3465}