{"stats":{"minecraft:used":{"minecraft:stone_sword":52,"minecraft:bread":16,"minecraft:stone_pickaxe":51,"minecraft:wooden_pickaxe":13,"luminousworld:groundpebbles_1":1,"minecraft:stone_axe":5,"minecraft:torch":1,"minecraft:crafting_table":2,"minecraft:egg":2,"minecraft:white_bed":1,"alexsmobs:animal_dictionary":2,"minecraft:yellow_bed":4},"minecraft:mined":{"minecraft:hay_block":13,"minecraft:white_bed":4,"minecraft:carrots":10,"minecraft:iron_ore":3,"minecraft:wheat":12,"minecraft:yellow_bed":4,"minecraft:torch":2,"minecraft:grass":2,"minecraft:grass_block":1,"minecraft:potatoes":3,"minecraft:oak_log":5,"minecraft:beetroots":2,"minecraft:water_cauldron":1,"minecraft:cobweb":1,"luminousworld:groundpebbles_2":1,"minecraft:stone":59,"placeablesmod:bread_full_block":2,"minecraft:oak_leaves":3,"minecraft:wall_torch":2},"minecraft:dropped":{"minecraft:bread":11,"minecraft:wheat_seeds":12,"minecraft:crafting_table":1,"minecraft:beetroot_seeds":2,"tombstone:grave_dust":1,"minecraft:wooden_pickaxe":1},"minecraft:picked_up":{"luminousworld:groundpebbles_1":1,"minecraft:stick":2,"minecraft:raw_iron":3,"minecraft:feather":5,"minecraft:chicken":3,"minecraft:torch":4,"minecraft:potato":3,"minecraft:white_bed":2,"minecraft:oak_log":5,"tombstone:grave_dust":1,"minecraft:yellow_bed":4,"minecraft:carrot":10,"minecraft:string":1,"minecraft:cauldron":1,"minecraft:rotten_flesh":3,"minecraft:beetroot_seeds":2,"minecraft:wheat_seeds":12,"minecraft:hay_block":13,"minecraft:bread":2,"minecraft:cobblestone":58,"minecraft:egg":2},"minecraft:custom":{"minecraft:time_since_rest":7396,"minecraft:sprint_one_cm":131066,"minecraft:damage_taken":666,"minecraft:walk_one_cm":99543,"minecraft:mob_kills":6,"minecraft:drop":16,"minecraft:damage_dealt":671,"minecraft:swim_one_cm":4734,"minecraft:interact_with_crafting_table":4,"minecraft:talked_to_villager":3,"minecraft:fly_one_cm":148550,"minecraft:open_chest":1,"minecraft:crouch_one_cm":1397,"minecraft:play_time":45248,"tombstone:undead_killed":2,"minecraft:sneak_time":464,"minecraft:walk_under_water_one_cm":6707,"minecraft:jump":703,"minecraft:leave_game":4,"minecraft:time_since_death":45248,"minecraft:walk_on_water_one_cm":5950,"minecraft:sleep_in_bed":7,"minecraft:total_world_time":45248,"minecraft:climb_one_cm":20,"minecraft:fall_one_cm":22129},"minecraft:killed":{"minecraft:chicken":3,"minecraft:drowned":2,"born_in_chaos_v1:maggot":1},"minecraft:crafted":{"minecraft:oak_planks":20,"minecraft:crafting_table":3,"minecraft:stick":6,"minecraft:wooden_pickaxe":1,"minecraft:stone_pickaxe":1,"minecraft:stone_sword":1,"minecraft:stone_axe":1,"minecraft:bread":39,"minecraft:wheat":117}},"DataVersion":3465}