{"stats":{"minecraft:used":{"minecraft:rose_bush":4,"minecraft:stone_sword":186,"minecraft:torch":15,"minecraft:carrot":4,"minecraft:stone_brick_stairs":2,"minecraft:bow":4,"minecraft:furnace":1,"tombstone:gift":4,"minecraft:egg":2,"minecraft:cooked_beef":1,"minecraft:wheat_seeds":4,"minecraft:stone_pickaxe":90,"minecraft:oak_planks":15,"minecraft:wooden_pickaxe":13,"luminousworld:groundpebbles_1":1,"minecraft:crafting_table":6,"minecraft:white_bed":6,"minecraft:bread":63,"minecraft:iron_pickaxe":66,"minecraft:stone_axe":86,"minecraft:cobblestone":70,"minecraft:oak_boat":1,"minecraft:yellow_bed":4,"alexsmobs:animal_dictionary":2},"minecraft:mined":{"minecraft:white_bed":9,"iceandfire:silver_ore":3,"luminousworld:grassvariant_4":1,"minecraft:grass_block":1,"luminousworld:grassvariant_2":1,"minecraft:hay_block":49,"minecraft:oak_trapdoor":1,"minecraft:furnace":1,"minecraft:carrots":10,"minecraft:iron_ore":9,"minecraft:bookshelf":8,"minecraft:potatoes":3,"minecraft:water_cauldron":1,"minecraft:stripped_oak_log":8,"luminousworld:groundpebbles_2":1,"minecraft:stone":100,"minecraft:crafting_table":3,"minecraft:torch":5,"minecraft:cobblestone":2,"minecraft:oak_planks":2,"placeablesmod:bread_full_block":2,"minecraft:wall_torch":6,"minecraft:wheat":17,"minecraft:yellow_bed":5,"minecraft:stone_brick_stairs":2,"minecraft:grass":11,"minecraft:oak_log":9,"minecraft:coal_ore":36,"minecraft:beetroots":2,"minecraft:gravel":1,"minecraft:cobweb":1,"minecraft:cracked_stone_bricks":4,"minecraft:stone_bricks":4,"minecraft:oak_leaves":4},"minecraft:dropped":{"minecraft:bread":34,"minecraft:wheat_seeds":39,"minecraft:crafting_table":2,"minecraft:iron_helmet":1,"minecraft:cobblestone":36,"iceandfire:ectoplasm":1,"minecraft:cracked_stone_bricks":3,"minecraft:coal":13,"minecraft:leather_helmet":2,"minecraft:oxeye_daisy":2,"minecraft:dirt":2,"minecraft:stone_button":1,"minecraft:rose_bush":14,"enemyexpansion:wasp_thorax":1,"tombstone:grave_dust":1,"minecraft:iron_leggings":1,"minecraft:string":1,"minecraft:armor_stand":4,"minecraft:stone_axe":2,"minecraft:oak_trapdoor":1,"minecraft:stone_sword":1,"alexsmobs:animal_dictionary":1,"undead_revamp2:arapholia":1,"minecraft:rotten_flesh":9,"minecraft:clay_ball":4,"minecraft:iron_boots":1,"minecraft:white_bed":2,"luminousworld:yellow_grassflowers":2,"minecraft:poppy":1,"luminousworld:grassflowers":1,"minecraft:iron_chestplate":1,"luminousworld:groundpebbles_1":1,"minecraft:beetroot_seeds":2,"minecraft:yellow_bed":1,"minecraft:leather_leggings":1,"minecraft:spider_eye":1,"minecraft:stone_bricks":4,"minecraft:bow":2,"minecraft:stone_pickaxe":1,"minecraft:beef":4,"minecraft:wooden_pickaxe":1,"minecraft:egg":1},"minecraft:picked_up":{"minecraft:crafting_table":3,"luminousworld:groundpebbles_1":2,"minecraft:iron_chestplate":2,"minecraft:wheat":8,"minecraft:chicken":8,"minecraft:clay_ball":4,"enemyexpansion:wasp_thorax":1,"minecraft:stone_brick_stairs":2,"minecraft:string":1,"minecraft:oak_trapdoor":1,"minecraft:raw_copper":5,"minecraft:iron_leggings":2,"minecraft:armor_stand":4,"minecraft:cracked_stone_bricks":3,"minecraft:beef":8,"minecraft:rose_bush":18,"minecraft:poppy":1,"minecraft:egg":3,"minecraft:iron_boots":2,"minecraft:furnace":1,"minecraft:raw_iron":9,"minecraft:stick":2,"minecraft:torch":11,"minecraft:stone_button":1,"tombstone:grave_dust":1,"minecraft:carrot":10,"minecraft:cauldron":1,"luminousworld:grassflowers":1,"minecraft:arrow":3,"minecraft:rotten_flesh":9,"luminousworld:yellow_grassflowers":2,"minecraft:beetroot_seeds":2,"minecraft:hay_block":49,"minecraft:cod":1,"undead_revamp2:arapholia":1,"minecraft:cobblestone":135,"minecraft:white_wool":2,"minecraft:oxeye_daisy":2,"minecraft:stripped_oak_log":8,"minecraft:feather":19,"luminousworld:ishstone":2,"minecraft:potato":3,"minecraft:oak_log":9,"iceandfire:ectoplasm":1,"minecraft:yellow_bed":5,"minecraft:dirt":2,"minecraft:bone":6,"minecraft:stone_bricks":4,"minecraft:bow":4,"minecraft:wheat_seeds":43,"minecraft:oak_planks":2,"minecraft:book":24,"minecraft:white_bed":8,"minecraft:spider_eye":1,"minecraft:leather_helmet":1,"minecraft:stone_axe":1,"minecraft:iron_helmet":2,"minecraft:bread":2,"minecraft:chainmail_helmet":1,"minecraft:coal":48,"iceandfire:raw_silver":3},"minecraft:killed_by":{"iceandfire:sea_serpent":1},"minecraft:broken":{"minecraft:stone_sword":1,"minecraft:stone_axe":1},"minecraft:custom":{"minecraft:mob_kills":32,"minecraft:interact_with_crafting_table":14,"minecraft:leave_game":4,"minecraft:time_since_death":4964,"minecraft:climb_one_cm":228,"minecraft:sprint_one_cm":415043,"minecraft:walk_one_cm":373768,"minecraft:drop":84,"minecraft:talked_to_villager":4,"minecraft:play_time":141248,"minecraft:sneak_time":2549,"minecraft:deaths":2,"minecraft:walk_under_water_one_cm":22448,"minecraft:boat_one_cm":14400,"minecraft:jump":2357,"minecraft:walk_on_water_one_cm":31019,"minecraft:total_world_time":141248,"minecraft:interact_with_furnace":6,"tombstone:raider_killed":3,"minecraft:sleep_in_bed":14,"minecraft:time_since_rest":4446,"minecraft:damage_taken":3681,"minecraft:trigger_trapped_chest":2,"minecraft:damage_dealt":5278,"minecraft:fly_one_cm":453511,"minecraft:swim_one_cm":40772,"minecraft:open_chest":2,"minecraft:crouch_one_cm":7638,"tombstone:undead_killed":12,"minecraft:fall_one_cm":72604},"minecraft:killed":{"undead_revamp2:thehunter":1,"minecraft:witch":1,"enemyexpansion:direwolf":1,"born_in_chaos_v1:maggot":3,"minecraft:skeleton":2,"takesapillage:clay_golem":1,"minecraft:chicken":5,"undead_revamp2:thebidy":1,"minecraft:drowned":2,"undead_revamp2:the_moonflower":1,"undead_revamp2:thesomnolence":2,"minecraft:zombie":2,"iceandfire:ghost":3,"born_in_chaos_v1:corpse_fly":1,"enemyexpansion:wasp":1,"minecraft:cow":2},"minecraft:crafted":{"minecraft:oak_planks":66,"minecraft:furnace":1,"minecraft:stone_pickaxe":2,"minecraft:wheat":441,"minecraft:cooked_beef":4,"minecraft:crafting_table":5,"minecraft:wooden_pickaxe":1,"minecraft:stone_axe":3,"minecraft:bread":149,"minecraft:air":0,"minecraft:oak_boat":1,"minecraft:stick":18,"minecraft:iron_ingot":3,"minecraft:iron_pickaxe":1,"minecraft:stone_sword":3,"minecraft:torch":12}},"DataVersion":3465}