{"stats":{"minecraft:used":{"minecraft:stone_sword":51,"minecraft:bread":11,"minecraft:stone_pickaxe":1,"minecraft:wooden_pickaxe":13,"minecraft:stone_axe":4,"minecraft:torch":1,"minecraft:crafting_table":2,"alexsmobs:animal_dictionary":2,"minecraft:yellow_bed":4},"minecraft:mined":{"minecraft:hay_block":13,"minecraft:carrots":10,"minecraft:wheat":12,"minecraft:yellow_bed":4,"minecraft:torch":2,"minecraft:grass":2,"minecraft:potatoes":3,"minecraft:oak_log":5,"minecraft:beetroots":2,"minecraft:water_cauldron":1,"minecraft:stone":13,"placeablesmod:bread_full_block":2,"minecraft:oak_leaves":3,"minecraft:wall_torch":2},"minecraft:dropped":{"minecraft:bread":11,"minecraft:wheat_seeds":12,"minecraft:crafting_table":1,"minecraft:beetroot_seeds":2,"tombstone:grave_dust":1,"minecraft:wooden_pickaxe":1},"minecraft:picked_up":{"minecraft:stick":2,"minecraft:feather":5,"minecraft:chicken":3,"minecraft:torch":4,"minecraft:potato":3,"minecraft:oak_log":5,"tombstone:grave_dust":1,"minecraft:yellow_bed":4,"minecraft:carrot":10,"minecraft:cauldron":1,"minecraft:rotten_flesh":3,"minecraft:beetroot_seeds":2,"minecraft:wheat_seeds":12,"minecraft:hay_block":13,"minecraft:bread":2,"minecraft:cobblestone":12,"minecraft:egg":2},"minecraft:custom":{"minecraft:time_since_rest":8896,"minecraft:sprint_one_cm":85030,"minecraft:damage_taken":506,"minecraft:walk_one_cm":72713,"minecraft:mob_kills":6,"minecraft:drop":16,"minecraft:damage_dealt":595,"minecraft:swim_one_cm":1523,"minecraft:interact_with_crafting_table":4,"minecraft:talked_to_villager":3,"minecraft:fly_one_cm":61931,"minecraft:open_chest":1,"minecraft:crouch_one_cm":99,"minecraft:play_time":33248,"tombstone:undead_killed":2,"minecraft:sneak_time":101,"minecraft:walk_under_water_one_cm":328,"minecraft:jump":370,"minecraft:leave_game":4,"minecraft:time_since_death":33248,"minecraft:walk_on_water_one_cm":3712,"minecraft:sleep_in_bed":6,"minecraft:total_world_time":33248,"minecraft:climb_one_cm":20,"minecraft:fall_one_cm":12904},"minecraft:killed":{"minecraft:chicken":3,"minecraft:drowned":2,"born_in_chaos_v1:maggot":1},"minecraft:crafted":{"minecraft:oak_planks":20,"minecraft:crafting_table":3,"minecraft:stick":6,"minecraft:wooden_pickaxe":1,"minecraft:stone_pickaxe":1,"minecraft:stone_sword":1,"minecraft:stone_axe":1,"minecraft:bread":39,"minecraft:wheat":117}},"DataVersion":3465}