{"stats":{"minecraft:used":{"minecraft:stone_sword":281,"minecraft:rose_bush":4,"iceandfire:silver_sword":39,"minecraft:oak_sign":3,"minecraft:shield":47,"minecraft:oak_door":5,"minecraft:torch":52,"minecraft:dirt":42,"minecraft:anvil":1,"minecraft:carrot":106,"minecraft:iron_hoe":25,"minecraft:iron_axe":43,"minecraft:iron_boots":1,"minecraft:stone_brick_stairs":2,"minecraft:bow":5,"minecraft:oak_sapling":2,"minecraft:furnace":2,"tombstone:gift":6,"minecraft:egg":2,"minecraft:cooked_beef":1,"minecraft:wheat_seeds":4,"minecraft:water_bucket":4,"minecraft:oak_planks":16,"minecraft:stone_pickaxe":267,"minecraft:wooden_pickaxe":13,"minecraft:cauldron":1,"luminousworld:groundpebbles_1":1,"luminousworld:ishstone":2,"minecraft:crafting_table":9,"minecraft:white_bed":7,"minecraft:iron_pickaxe":540,"minecraft:bread":84,"minecraft:gravel":1,"minecraft:stone_axe":103,"luminousworld:sunset_petunias":1,"minecraft:diamond_sword":88,"minecraft:cobblestone":344,"quark:oak_chest":2,"minecraft:bucket":4,"minecraft:oak_boat":3,"alexsmobs:animal_dictionary":2,"minecraft:yellow_bed":4,"minecraft:golden_pickaxe":32},"minecraft:mined":{"undead_revamp2:arapholia":1,"minecraft:white_bed":10,"iceandfire:silver_ore":19,"luminousworld:grassvariant_4":2,"minecraft:deepslate_diamond_ore":4,"minecraft:oak_door":1,"minecraft:granite":2,"minecraft:grass_block":26,"luminousworld:grassvariant_2":3,"luminousworld:decorative_brown_mushroom_1":2,"minecraft:hay_block":49,"luminousworld:sunset_petunias":1,"minecraft:oak_trapdoor":1,"minecraft:furnace":1,"minecraft:carrots":43,"minecraft:iron_ore":76,"minecraft:andesite":6,"minecraft:anvil":1,"minecraft:deepslate_lapis_ore":1,"minecraft:potatoes":7,"minecraft:bookshelf":10,"minecraft:water_cauldron":1,"minecraft:deepslate_iron_ore":4,"minecraft:stripped_oak_log":8,"luminousworld:groundpebbles_2":1,"luminousworld:decorative_brown_2":1,"minecraft:stone":547,"minecraft:white_wool":2,"minecraft:oak_slab":2,"minecraft:smoker":1,"minecraft:crafting_table":3,"minecraft:torch":6,"minecraft:emerald_ore":5,"minecraft:tall_grass":2,"minecraft:cobblestone":25,"minecraft:lapis_ore":8,"minecraft:deepslate_gold_ore":1,"minecraft:oak_planks":12,"placeablesmod:bread_full_block":2,"minecraft:wall_torch":11,"supplementaries:urn":5,"minecraft:wheat":17,"minecraft:birch_leaves":4,"born_in_chaos_v1:river_mint":1,"minecraft:stone_brick_stairs":2,"minecraft:yellow_bed":5,"minecraft:grass":18,"minecraft:coal_ore":43,"minecraft:oak_log":39,"luminousworld:ishstone":5,"minecraft:beetroots":2,"minecraft:gravel":10,"minecraft:dirt":37,"luminousworld:grassvariant_3":1,"minecraft:cobweb":1,"minecraft:cracked_stone_bricks":4,"minecraft:stone_bricks":4,"minecraft:oak_leaves":17,"minecraft:deepslate":58,"minecraft:infested_stone":3},"minecraft:dropped":{"minecraft:bread":34,"minecraft:iron_sword":1,"minecraft:wheat_seeds":40,"luminousworld:ishstone":5,"minecraft:crafting_table":2,"minecraft:iron_helmet":1,"minecraft:cobblestone":36,"iceandfire:ectoplasm":1,"minecraft:granite":6,"minecraft:cracked_stone_bricks":3,"luminousworld:decorative_brown_mushroom_1":2,"minecraft:chainmail_helmet":1,"minecraft:coal":13,"minecraft:leather_helmet":2,"minecraft:oxeye_daisy":2,"minecraft:dirt":2,"minecraft:diorite":1,"minecraft:stone_button":1,"minecraft:cornflower":1,"tombstone:grave_key":4,"minecraft:rose_bush":14,"enemyexpansion:wasp_thorax":1,"tombstone:grave_dust":1,"minecraft:iron_leggings":1,"minecraft:string":1,"minecraft:white_wool":1,"luminousworld:decorative_brown_2":1,"minecraft:dandelion":3,"minecraft:armor_stand":4,"minecraft:stone_axe":2,"minecraft:oak_trapdoor":1,"minecraft:stone_sword":1,"alexsmobs:animal_dictionary":1,"minecraft:pointed_dripstone":1,"alexscaves:cave_tablet":2,"undead_revamp2:arapholia":1,"minecraft:rotten_flesh":9,"minecraft:clay_ball":4,"minecraft:iron_boots":1,"minecraft:white_bed":2,"luminousworld:yellow_grassflowers":2,"minecraft:poppy":1,"supplementaries:ash":3,"luminousworld:grassflowers":1,"minecraft:andesite":1,"born_in_chaos_v1:corpse_maggot":2,"minecraft:iron_chestplate":2,"luminousworld:groundpebbles_1":1,"minecraft:beetroot_seeds":4,"minecraft:yellow_bed":1,"minecraft:leather_leggings":1,"minecraft:spider_eye":1,"minecraft:stone_bricks":4,"minecraft:bow":2,"minecraft:stone_pickaxe":1,"minecraft:beef":4,"minecraft:wooden_pickaxe":1,"minecraft:egg":1},"minecraft:picked_up":{"minecraft:iron_chestplate":2,"luminousworld:groundpebbles_1":2,"minecraft:crafting_table":3,"minecraft:wheat":8,"luminousworld:decorative_brown_2":1,"minecraft:chicken":8,"minecraft:clay_ball":4,"minecraft:anvil":1,"minecraft:prismarine_shard":3,"alexscaves:cave_tablet":1,"enemyexpansion:wasp_thorax":1,"minecraft:stone_brick_stairs":2,"tombstone:grave_key":2,"minecraft:cornflower":1,"minecraft:string":2,"minecraft:oak_trapdoor":1,"minecraft:raw_copper":7,"minecraft:iron_leggings":2,"minecraft:armor_stand":4,"minecraft:cracked_stone_bricks":3,"minecraft:cobbled_deepslate":57,"minecraft:beef":8,"minecraft:rose_bush":18,"minecraft:poppy":1,"minecraft:furnace":1,"minecraft:iron_boots":2,"minecraft:egg":3,"minecraft:stick":2,"minecraft:raw_iron":79,"minecraft:oak_door":1,"minecraft:copper_ingot":1,"minecraft:torch":29,"minecraft:pointed_dripstone":1,"minecraft:diorite":1,"minecraft:stone_button":1,"tombstone:grave_dust":3,"minecraft:carrot":110,"minecraft:prismarine_crystals":3,"minecraft:cauldron":1,"luminousworld:grassflowers":2,"luminousworld:decorative_brown_mushroom_1":2,"minecraft:arrow":7,"minecraft:rotten_flesh":29,"luminousworld:yellow_grassflowers":2,"minecraft:beetroot_seeds":4,"supplementaries:antique_ink":1,"minecraft:hay_block":49,"supplementaries:ash":3,"minecraft:cod":1,"undead_revamp2:arapholia":1,"minecraft:white_wool":5,"minecraft:cobblestone":626,"minecraft:oxeye_daisy":2,"minecraft:stripped_oak_log":8,"born_in_chaos_v1:corpse_maggot":2,"minecraft:feather":19,"minecraft:andesite":7,"luminousworld:ishstone":21,"minecraft:potato":15,"minecraft:oak_log":38,"iceandfire:ectoplasm":1,"minecraft:yellow_bed":5,"minecraft:gunpowder":2,"minecraft:lapis_lazuli":59,"minecraft:dirt":70,"minecraft:bone":8,"minecraft:stone_bricks":4,"minecraft:bow":4,"minecraft:wheat_seeds":46,"minecraft:raw_gold":1,"minecraft:stone_pickaxe":1,"minecraft:oak_planks":36,"minecraft:book":30,"minecraft:oak_slab":3,"minecraft:dandelion":3,"luminousworld:sunset_petunias":1,"minecraft:gravel":9,"iceandfire:shiny_scales":2,"minecraft:white_bed":9,"minecraft:spider_eye":1,"minecraft:mossy_cobblestone":1,"minecraft:leather_helmet":1,"minecraft:bundle":1,"minecraft:diamond":4,"minecraft:stone_axe":1,"minecraft:iron_helmet":2,"minecraft:granite":6,"minecraft:chainmail_helmet":1,"minecraft:bread":4,"minecraft:emerald":10,"born_in_chaos_v1:rotten_fish":2,"minecraft:oak_sapling":2,"minecraft:coal":53,"iceandfire:raw_silver":18},"minecraft:broken":{"minecraft:stone_sword":2,"minecraft:iron_leggings":1,"minecraft:stone_pickaxe":1,"minecraft:stone_axe":1,"minecraft:iron_pickaxe":2,"minecraft:golden_pickaxe":1},"minecraft:custom":{"minecraft:interact_with_anvil":2,"minecraft:mob_kills":69,"minecraft:interact_with_crafting_table":42,"minecraft:open_barrel":2,"minecraft:fill_cauldron":1,"minecraft:damage_dealt_resisted":354,"minecraft:leave_game":6,"minecraft:time_since_death":23591,"minecraft:climb_one_cm":16727,"minecraft:sprint_one_cm":785220,"minecraft:walk_one_cm":955998,"minecraft:damage_blocked_by_shield":1185,"minecraft:drop":112,"minecraft:talked_to_villager":4,"minecraft:play_time":322284,"minecraft:sneak_time":7583,"minecraft:deaths":13,"minecraft:walk_under_water_one_cm":43282,"minecraft:boat_one_cm":226292,"minecraft:jump":6186,"minecraft:walk_on_water_one_cm":67203,"minecraft:total_world_time":322284,"minecraft:interact_with_furnace":26,"tombstone:raider_killed":3,"minecraft:interact_with_loom":1,"minecraft:sleep_in_bed":16,"minecraft:time_since_rest":11955,"minecraft:damage_taken":8473,"minecraft:trigger_trapped_chest":2,"minecraft:damage_dealt":13733,"minecraft:swim_one_cm":110226,"minecraft:fly_one_cm":927888,"minecraft:open_chest":24,"minecraft:crouch_one_cm":25087,"tombstone:undead_killed":27,"minecraft:interact_with_smoker":2,"minecraft:fall_one_cm":136057,"minecraft:use_cauldron":1},"minecraft:killed_by":{"undead_revamp2:thewolf":1,"minecraft:creeper":1,"iceandfire:siren":1,"enemyexpansion:equestrian":1,"iceandfire:sea_serpent":1,"undead_revamp2:thehorrors":1,"minecraft:silverfish":1,"undead_revamp2:bomber":1,"minecraft:cave_spider":1,"mutantmonsters:mutant_skeleton":1,"undead_revamp2:axestrom":1,"iceandfire:ghost":1},"minecraft:crafted":{"minecraft:oak_door":6,"minecraft:oak_planks":128,"minecraft:oak_sign":3,"aether:iron_ring":1,"minecraft:furnace":1,"minecraft:iron_boots":2,"minecraft:iron_hoe":1,"minecraft:stone_pickaxe":3,"minecraft:wheat":441,"minecraft:cooked_beef":4,"minecraft:diamond_sword":1,"iceandfire:silver_ingot":8,"minecraft:crafting_table":8,"minecraft:wooden_pickaxe":1,"minecraft:iron_helmet":2,"minecraft:iron_sword":1,"minecraft:bucket":3,"minecraft:stone_axe":3,"minecraft:bread":149,"minecraft:air":0,"minecraft:oak_boat":4,"minecraft:iron_chestplate":1,"minecraft:shield":1,"minecraft:stick":34,"quark:oak_chest":2,"minecraft:iron_ingot":62,"minecraft:iron_pickaxe":3,"minecraft:iron_leggings":1,"minecraft:stone_sword":3,"minecraft:white_bed":1,"minecraft:torch":32,"iceandfire:silver_sword":1},"minecraft:killed":{"undead_revamp2:thewolf":1,"minecraft:cave_spider":1,"undead_revamp2:thehunter":2,"minecraft:witch":1,"undead_revamp2:axestrom":1,"undead_revamp2:thesmoker":1,"enemyexpansion:direwolf":5,"born_in_chaos_v1:maggot":3,"minecraft:skeleton":4,"iceandfire:siren":1,"takesapillage:clay_golem":1,"minecraft:chicken":5,"undead_revamp2:therod":1,"undead_revamp2:thebidy":1,"minecraft:silverfish":5,"minecraft:drowned":2,"undead_revamp2:sucker":1,"born_in_chaos_v1:bone_imp_minion":2,"undead_revamp2:the_moonflower":2,"enemyexpansion:sprinter":1,"minecraft:creeper":1,"undead_revamp2:thesomnolence":2,"minecraft:zombie":5,"iceandfire:ghost":3,"enemyexpansion:huntsman":1,"born_in_chaos_v1:corpse_fly":2,"alexsmobs:crow":1,"enemyexpansion:wasp":1,"minecraft:cow":2}},"DataVersion":3465}