{"stats":{"minecraft:used":{"minecraft:oak_sign":3,"minecraft:shield":62,"minecraft:carrot":179,"minecraft:stone_brick_stairs":2,"minecraft:bow":11,"minecraft:furnace":2,"minecraft:oak_sapling":2,"minecraft:egg":2,"minecraft:stone_pickaxe":267,"minecraft:oak_planks":30,"minecraft:wooden_pickaxe":13,"luminousworld:groundpebbles_1":1,"minecraft:bread":87,"minecraft:gravel":1,"minecraft:diamond_sword":244,"minecraft:oak_boat":3,"minecraft:golden_pickaxe":32,"minecraft:rose_bush":4,"minecraft:stone_sword":281,"iceandfire:silver_sword":46,"minecraft:oak_door":7,"minecraft:torch":55,"minecraft:dirt":42,"minecraft:anvil":1,"minecraft:iron_hoe":26,"minecraft:iron_axe":51,"minecraft:iron_boots":1,"tombstone:gift":8,"minecraft:cooked_beef":1,"minecraft:wheat_seeds":4,"minecraft:water_bucket":5,"minecraft:cauldron":1,"luminousworld:ishstone":2,"minecraft:crafting_table":9,"minecraft:white_bed":8,"tombstone:bag_of_seeds":1,"minecraft:iron_pickaxe":588,"minecraft:stone_axe":103,"luminousworld:sunset_petunias":1,"minecraft:cobblestone":347,"minecraft:bucket":7,"minecraft:yellow_bed":4,"quark:oak_chest":4,"alexsmobs:animal_dictionary":2},"minecraft:mined":{"undead_revamp2:arapholia":1,"minecraft:white_bed":11,"minecraft:granite":2,"minecraft:grass_block":26,"minecraft:frosted_ice":2,"minecraft:iron_ore":76,"minecraft:pumpkin":7,"minecraft:deepslate_lapis_ore":1,"minecraft:anvil":1,"minecraft:water_cauldron":1,"luminousworld:decorative_brown_2":1,"minecraft:smoker":1,"minecraft:torch":6,"minecraft:cobblestone":25,"minecraft:sugar_cane":2,"minecraft:oak_planks":12,"placeablesmod:bread_full_block":2,"minecraft:wall_torch":11,"minecraft:wheat":17,"born_in_chaos_v1:river_mint":1,"minecraft:stone_brick_stairs":2,"minecraft:grass":20,"minecraft:oak_log":39,"minecraft:beetroots":2,"minecraft:dirt":37,"luminousworld:grassvariant_3":1,"minecraft:oak_leaves":20,"minecraft:deepslate":58,"iceandfire:silver_ore":19,"minecraft:deepslate_diamond_ore":4,"luminousworld:grassvariant_4":2,"minecraft:oak_door":1,"luminousworld:grassvariant_2":4,"luminousworld:decorative_brown_mushroom_1":2,"minecraft:hay_block":49,"luminousworld:sunset_petunias":1,"minecraft:oak_trapdoor":1,"minecraft:furnace":1,"minecraft:carrots":46,"minecraft:andesite":6,"minecraft:bookshelf":10,"minecraft:potatoes":7,"minecraft:deepslate_iron_ore":4,"minecraft:stripped_oak_log":8,"luminousworld:groundpebbles_2":1,"minecraft:stone":595,"minecraft:white_wool":2,"minecraft:oak_slab":2,"minecraft:crafting_table":3,"minecraft:emerald_ore":5,"minecraft:tall_grass":4,"minecraft:deepslate_gold_ore":1,"minecraft:lapis_ore":8,"supplementaries:urn":5,"minecraft:birch_leaves":4,"minecraft:yellow_bed":5,"minecraft:coal_ore":43,"luminousworld:ishstone":5,"minecraft:gravel":10,"minecraft:cobweb":6,"minecraft:cracked_stone_bricks":4,"minecraft:stone_bricks":4,"minecraft:infested_stone":3},"minecraft:dropped":{"minecraft:iron_sword":1,"minecraft:crafting_table":2,"minecraft:pitcher_pod":2,"minecraft:scute":1,"iceandfire:ectoplasm":1,"minecraft:cracked_stone_bricks":3,"minecraft:leather_helmet":2,"minecraft:dirt":2,"minecraft:stone_button":1,"minecraft:cornflower":1,"minecraft:white_wool":1,"luminousworld:decorative_brown_2":1,"minecraft:armor_stand":4,"minecraft:stone_axe":2,"alexsmobs:animal_dictionary":1,"alexscaves:cave_tablet":2,"undead_revamp2:arapholia":2,"minecraft:pointed_dripstone":1,"minecraft:rotten_flesh":9,"minecraft:white_bed":2,"minecraft:poppy":1,"supplementaries:ash":3,"luminousworld:grassflowers":1,"minecraft:beetroot_seeds":4,"minecraft:melon_seeds":5,"born_in_chaos_v1:corpse_maggot":2,"minecraft:leather_leggings":1,"minecraft:beef":4,"minecraft:egg":1,"minecraft:water_bucket":1,"minecraft:bread":34,"minecraft:wheat_seeds":40,"luminousworld:ishstone":5,"minecraft:cobblestone":36,"minecraft:iron_helmet":1,"minecraft:granite":6,"luminousworld:decorative_brown_mushroom_1":2,"minecraft:chainmail_helmet":1,"minecraft:coal":13,"minecraft:oxeye_daisy":2,"minecraft:diorite":1,"tombstone:grave_key":4,"minecraft:rose_bush":14,"enemyexpansion:wasp_thorax":1,"tombstone:grave_dust":1,"minecraft:iron_leggings":1,"minecraft:string":1,"minecraft:dandelion":3,"minecraft:oak_trapdoor":1,"minecraft:stone_sword":1,"born_in_chaos_v1:rotten_fish":1,"minecraft:clay_ball":4,"minecraft:iron_boots":1,"minecraft:torchflower_seeds":3,"luminousworld:yellow_grassflowers":2,"minecraft:iron_chestplate":2,"luminousworld:groundpebbles_1":1,"minecraft:andesite":1,"minecraft:yellow_bed":1,"minecraft:stone_bricks":4,"minecraft:spider_eye":1,"minecraft:bow":2,"minecraft:stone_pickaxe":1,"minecraft:wooden_pickaxe":1},"minecraft:picked_up":{"minecraft:iron_chestplate":2,"minecraft:wheat":8,"minecraft:anvil":1,"minecraft:prismarine_shard":7,"alexscaves:cave_tablet":1,"enemyexpansion:wasp_thorax":1,"minecraft:stone_brick_stairs":3,"tombstone:grave_key":2,"minecraft:string":8,"minecraft:raw_copper":7,"minecraft:iron_leggings":2,"minecraft:armor_stand":4,"minecraft:cobbled_deepslate":57,"minecraft:rose_bush":18,"minecraft:iron_boots":2,"minecraft:furnace":1,"minecraft:stick":2,"minecraft:torch":29,"tombstone:grave_dust":8,"minecraft:pointed_dripstone":1,"minecraft:diorite":1,"minecraft:cauldron":1,"luminousworld:grassflowers":2,"minecraft:rotten_flesh":43,"luminousworld:yellow_grassflowers":2,"minecraft:tropical_fish":1,"supplementaries:antique_ink":1,"supplementaries:ash":3,"undead_revamp2:arapholia":2,"minecraft:cod":1,"minecraft:cobblestone":673,"minecraft:birch_log":2,"minecraft:feather":19,"minecraft:andesite":7,"minecraft:potato":15,"minecraft:lapis_lazuli":59,"minecraft:dirt":70,"minecraft:bone":12,"undead_revamp2:blacpetalblock":1,"minecraft:bow":4,"minecraft:wheat_seeds":46,"minecraft:raw_gold":2,"minecraft:oak_planks":36,"iceandfire:shiny_scales":2,"undead_revamp2:acidsack":1,"minecraft:mossy_cobblestone":1,"minecraft:bundle":2,"minecraft:diamond":4,"minecraft:granite":6,"minecraft:emerald":10,"minecraft:bread":5,"minecraft:chainmail_helmet":1,"minecraft:oak_sapling":2,"born_in_chaos_v1:rotten_fish":3,"iceandfire:raw_silver":18,"luminousworld:groundpebbles_1":2,"minecraft:crafting_table":3,"luminousworld:decorative_brown_2":1,"minecraft:chicken":8,"minecraft:clay_ball":4,"minecraft:cornflower":1,"minecraft:oak_trapdoor":1,"minecraft:iron_shovel":1,"minecraft:cracked_stone_bricks":3,"minecraft:beef":13,"minecraft:poppy":1,"minecraft:sugar_cane":5,"minecraft:egg":3,"minecraft:raw_iron":79,"minecraft:oak_door":1,"minecraft:copper_ingot":3,"sophisticatedbackpacks:backpack":1,"minecraft:stone_button":1,"minecraft:carrot":120,"minecraft:prismarine_crystals":3,"luminousworld:decorative_brown_mushroom_1":2,"minecraft:arrow":12,"minecraft:beetroot_seeds":4,"minecraft:hay_block":49,"minecraft:white_wool":5,"minecraft:oxeye_daisy":2,"minecraft:stripped_oak_log":8,"born_in_chaos_v1:corpse_maggot":3,"minecraft:glow_ink_sac":1,"luminousworld:ishstone":21,"minecraft:leather":2,"minecraft:oak_log":39,"iceandfire:ectoplasm":2,"minecraft:yellow_bed":5,"minecraft:gunpowder":2,"minecraft:stone_bricks":4,"minecraft:stone_pickaxe":1,"tombstone:bag_of_seeds":1,"minecraft:book":31,"minecraft:oak_slab":3,"minecraft:pumpkin":7,"minecraft:dandelion":3,"luminousworld:sunset_petunias":1,"minecraft:gravel":9,"minecraft:white_bed":10,"minecraft:spider_eye":1,"minecraft:leather_helmet":1,"minecraft:stone_axe":1,"minecraft:iron_helmet":2,"minecraft:scute":1,"minecraft:coal":53},"minecraft:broken":{"minecraft:iron_boots":1,"minecraft:iron_chestplate":1,"minecraft:iron_leggings":2,"minecraft:stone_pickaxe":1,"minecraft:stone_axe":1,"minecraft:stone_sword":2,"aether:iron_gloves":1,"minecraft:iron_pickaxe":2,"minecraft:iron_helmet":1,"minecraft:golden_pickaxe":1},"minecraft:custom":{"minecraft:interact_with_crafting_table":46,"minecraft:open_barrel":2,"minecraft:leave_game":6,"minecraft:time_since_death":4734,"minecraft:sprint_one_cm":1080601,"minecraft:damage_blocked_by_shield":1555,"minecraft:drop":121,"minecraft:talked_to_villager":4,"minecraft:play_time":406284,"minecraft:deaths":18,"minecraft:jump":7496,"minecraft:walk_on_water_one_cm":99172,"minecraft:interact_with_furnace":27,"minecraft:interact_with_loom":1,"minecraft:sleep_in_bed":18,"minecraft:damage_dealt":19675,"minecraft:crouch_one_cm":25284,"tombstone:undead_killed":49,"minecraft:interact_with_smoker":2,"minecraft:use_cauldron":1,"minecraft:mob_kills":97,"minecraft:interact_with_anvil":2,"minecraft:fill_cauldron":1,"minecraft:damage_dealt_resisted":354,"minecraft:climb_one_cm":16912,"minecraft:walk_one_cm":1135827,"minecraft:sneak_time":7649,"minecraft:walk_under_water_one_cm":54542,"minecraft:boat_one_cm":247577,"minecraft:total_world_time":406284,"tombstone:raider_killed":3,"minecraft:time_since_rest":4379,"minecraft:damage_taken":2147483647,"minecraft:trigger_trapped_chest":3,"minecraft:swim_one_cm":128365,"minecraft:fly_one_cm":1236979,"minecraft:open_chest":45,"minecraft:fall_one_cm":158228},"minecraft:killed_by":{"undead_revamp2:thewolf":1,"undead_revamp2:the_moonflower":1,"minecraft:creeper":1,"iceandfire:siren":1,"iceandfire:sea_serpent":1,"minecraft:silverfish":1,"minecraft:cave_spider":1,"undead_revamp2:bomber":1,"undead_revamp2:axestrom":1,"enemyexpansion:equestrian":1,"undead_revamp2:thespitter":1,"undead_revamp2:thehorrors":1,"iceandfire:gorgon":1,"mutantmonsters:mutant_skeleton":1,"iceandfire:ghost":3},"minecraft:crafted":{"minecraft:oak_planks":128,"aether:iron_ring":1,"minecraft:oak_sign":3,"minecraft:iron_boots":3,"minecraft:crafting_table":8,"minecraft:wooden_pickaxe":1,"minecraft:iron_helmet":3,"minecraft:iron_chestplate":2,"minecraft:shield":1,"minecraft:stick":34,"quark:oak_chest":4,"minecraft:iron_ingot":89,"minecraft:iron_pickaxe":3,"minecraft:stone_sword":3,"iceandfire:silver_sword":1,"minecraft:oak_door":6,"minecraft:furnace":1,"minecraft:iron_hoe":1,"minecraft:stone_pickaxe":3,"minecraft:wheat":441,"minecraft:cooked_beef":4,"minecraft:diamond_sword":1,"iceandfire:silver_ingot":8,"minecraft:iron_sword":1,"minecraft:bucket":3,"minecraft:stone_axe":3,"minecraft:bread":149,"minecraft:air":0,"minecraft:oak_boat":4,"minecraft:iron_leggings":2,"minecraft:white_bed":1,"minecraft:torch":32},"minecraft:killed":{"undead_revamp2:thewolf":1,"minecraft:cave_spider":1,"minecraft:witch":1,"born_in_chaos_v1:zombie_lumberjack":1,"minecraft:spider":1,"undead_revamp2:axestrom":1,"undead_revamp2:thesmoker":2,"born_in_chaos_v1:siamese_skeletonsright":1,"minecraft:skeleton":8,"luminousworld:dark_oak_skeleton":1,"minecraft:chicken":5,"minecraft:silverfish":5,"undead_revamp2:therod":2,"undead_revamp2:thespitter":1,"minecraft:creeper":1,"minecraft:zombie":7,"born_in_chaos_v1:corpse_fly":2,"enemyexpansion:botfly":1,"minecraft:cow":2,"enemyexpansion:wasp":1,"undead_revamp2:thehunter":3,"enemyexpansion:direwolf":5,"born_in_chaos_v1:maggot":5,"iceandfire:siren":1,"takesapillage:clay_golem":1,"undead_revamp2:thebidy":1,"minecraft:drowned":2,"undead_revamp2:sucker":1,"born_in_chaos_v1:barrel_zombie":2,"born_in_chaos_v1:bone_imp_minion":2,"born_in_chaos_v1:baby_skeleton":1,"undead_revamp2:the_moonflower":7,"enemyexpansion:sprinter":1,"earthmobsmod:cream_cow":2,"undead_revamp2:thesomnolence":2,"iceandfire:ghost":4,"enemyexpansion:huntsman":1,"alexsmobs:crow":1}},"DataVersion":3465}