{"stats":{"minecraft:used":{"minecraft:stone_sword":80,"minecraft:stone_pickaxe":51,"minecraft:wooden_pickaxe":13,"luminousworld:groundpebbles_1":1,"minecraft:torch":1,"minecraft:crafting_table":3,"minecraft:white_bed":2,"minecraft:bread":26,"minecraft:stone_axe":8,"minecraft:yellow_bed":4,"alexsmobs:animal_dictionary":2,"minecraft:egg":2},"minecraft:mined":{"minecraft:white_bed":6,"minecraft:crafting_table":1,"minecraft:torch":2,"minecraft:grass_block":1,"placeablesmod:bread_full_block":2,"minecraft:wall_torch":2,"minecraft:hay_block":26,"minecraft:carrots":10,"minecraft:iron_ore":3,"minecraft:wheat":12,"minecraft:yellow_bed":5,"minecraft:grass":8,"minecraft:potatoes":3,"minecraft:oak_log":7,"minecraft:water_cauldron":1,"minecraft:beetroots":2,"minecraft:cobweb":1,"luminousworld:groundpebbles_2":1,"minecraft:stone":59,"minecraft:oak_leaves":3},"minecraft:dropped":{"minecraft:bread":19,"minecraft:wheat_seeds":12,"minecraft:crafting_table":1,"minecraft:clay_ball":4,"minecraft:yellow_bed":1,"minecraft:beetroot_seeds":2,"tombstone:grave_dust":1,"minecraft:beef":4,"minecraft:wooden_pickaxe":1},"minecraft:picked_up":{"luminousworld:groundpebbles_1":1,"minecraft:crafting_table":1,"minecraft:feather":5,"minecraft:chicken":3,"minecraft:clay_ball":4,"minecraft:potato":3,"minecraft:oak_log":7,"minecraft:yellow_bed":5,"minecraft:string":1,"minecraft:bone":1,"minecraft:wheat_seeds":12,"minecraft:beef":8,"minecraft:egg":2,"minecraft:stick":2,"minecraft:raw_iron":3,"minecraft:torch":4,"tombstone:grave_dust":1,"minecraft:carrot":10,"minecraft:white_bed":4,"minecraft:cauldron":1,"minecraft:rotten_flesh":3,"minecraft:beetroot_seeds":2,"minecraft:hay_block":26,"minecraft:bread":2,"minecraft:cobblestone":58},"minecraft:custom":{"minecraft:mob_kills":10,"minecraft:interact_with_crafting_table":7,"minecraft:leave_game":4,"minecraft:time_since_death":69248,"minecraft:sleep_in_bed":9,"minecraft:climb_one_cm":20,"minecraft:time_since_rest":1177,"minecraft:sprint_one_cm":186579,"minecraft:damage_taken":1128,"minecraft:walk_one_cm":143681,"minecraft:drop":30,"minecraft:damage_dealt":1279,"minecraft:talked_to_villager":4,"minecraft:swim_one_cm":4734,"minecraft:fly_one_cm":206325,"minecraft:open_chest":2,"minecraft:crouch_one_cm":1489,"minecraft:play_time":69248,"tombstone:undead_killed":2,"minecraft:sneak_time":485,"minecraft:walk_under_water_one_cm":7338,"minecraft:jump":1000,"minecraft:walk_on_water_one_cm":10412,"minecraft:total_world_time":69248,"minecraft:fall_one_cm":33625},"minecraft:killed":{"born_in_chaos_v1:maggot":1,"takesapillage:clay_golem":1,"minecraft:chicken":3,"minecraft:drowned":2,"minecraft:cow":2},"minecraft:crafted":{"minecraft:oak_planks":26,"minecraft:crafting_table":4,"minecraft:wooden_pickaxe":1,"minecraft:stone_axe":1,"minecraft:bread":78,"minecraft:stick":6,"minecraft:stone_pickaxe":1,"minecraft:stone_sword":1,"minecraft:wheat":234}},"DataVersion":3465}