{"stats":{"minecraft:used":{"minecraft:stone_sword":146,"minecraft:stone_pickaxe":90,"minecraft:wooden_pickaxe":13,"luminousworld:groundpebbles_1":1,"minecraft:torch":5,"minecraft:crafting_table":3,"minecraft:white_bed":3,"minecraft:bread":43,"minecraft:iron_pickaxe":37,"minecraft:stone_axe":16,"minecraft:cobblestone":34,"minecraft:furnace":1,"minecraft:yellow_bed":4,"alexsmobs:animal_dictionary":2,"minecraft:egg":2,"minecraft:cooked_beef":1},"minecraft:mined":{"minecraft:white_bed":7,"minecraft:crafting_table":1,"minecraft:torch":2,"minecraft:grass_block":1,"minecraft:cobblestone":2,"placeablesmod:bread_full_block":2,"minecraft:wall_torch":3,"minecraft:hay_block":26,"minecraft:furnace":1,"minecraft:carrots":10,"minecraft:iron_ore":3,"minecraft:wheat":12,"minecraft:stone_brick_stairs":2,"minecraft:yellow_bed":5,"minecraft:grass":8,"minecraft:coal_ore":31,"minecraft:potatoes":3,"minecraft:oak_log":7,"minecraft:water_cauldron":1,"minecraft:beetroots":2,"minecraft:gravel":1,"minecraft:stripped_oak_log":8,"minecraft:cobweb":1,"minecraft:cracked_stone_bricks":4,"minecraft:stone_bricks":4,"luminousworld:groundpebbles_2":1,"minecraft:stone":91,"minecraft:oak_leaves":3},"minecraft:dropped":{"minecraft:bread":28,"minecraft:stone_axe":1,"minecraft:wheat_seeds":12,"minecraft:crafting_table":2,"minecraft:cobblestone":36,"minecraft:clay_ball":4,"minecraft:white_bed":2,"minecraft:coal":13,"minecraft:yellow_bed":1,"minecraft:beetroot_seeds":2,"tombstone:grave_dust":1,"minecraft:beef":4,"minecraft:wooden_pickaxe":1},"minecraft:picked_up":{"minecraft:stripped_oak_log":7,"luminousworld:groundpebbles_1":1,"minecraft:crafting_table":1,"minecraft:feather":9,"minecraft:chicken":5,"minecraft:clay_ball":4,"minecraft:potato":3,"minecraft:stone_brick_stairs":2,"minecraft:oak_log":7,"minecraft:yellow_bed":5,"minecraft:dirt":2,"minecraft:string":1,"minecraft:raw_copper":5,"minecraft:bone":6,"minecraft:stone_bricks":4,"minecraft:bow":1,"minecraft:cracked_stone_bricks":3,"minecraft:wheat_seeds":13,"minecraft:beef":8,"minecraft:furnace":1,"minecraft:egg":3,"minecraft:stick":2,"minecraft:raw_iron":3,"minecraft:torch":6,"tombstone:grave_dust":1,"minecraft:carrot":10,"minecraft:white_bed":6,"minecraft:spider_eye":1,"minecraft:cauldron":1,"minecraft:arrow":3,"minecraft:rotten_flesh":8,"minecraft:stone_axe":1,"minecraft:beetroot_seeds":2,"minecraft:hay_block":26,"minecraft:bread":2,"minecraft:coal":43,"minecraft:white_wool":1,"minecraft:cobblestone":126},"minecraft:custom":{"minecraft:interact_with_furnace":6,"minecraft:mob_kills":24,"tombstone:raider_killed":3,"minecraft:interact_with_crafting_table":9,"minecraft:leave_game":4,"minecraft:time_since_death":105248,"minecraft:sleep_in_bed":10,"minecraft:climb_one_cm":20,"minecraft:time_since_rest":15973,"minecraft:sprint_one_cm":278654,"minecraft:damage_taken":2091,"minecraft:walk_one_cm":242144,"minecraft:drop":45,"minecraft:damage_dealt":3166,"minecraft:talked_to_villager":4,"minecraft:swim_one_cm":29402,"minecraft:fly_one_cm":315883,"minecraft:open_chest":2,"minecraft:crouch_one_cm":4686,"minecraft:play_time":105248,"tombstone:undead_killed":7,"minecraft:sneak_time":1795,"minecraft:walk_under_water_one_cm":13471,"minecraft:jump":1719,"minecraft:walk_on_water_one_cm":15054,"minecraft:total_world_time":105248,"minecraft:fall_one_cm":57226},"minecraft:killed":{"minecraft:witch":1,"undead_revamp2:the_moonflower":1,"born_in_chaos_v1:maggot":3,"minecraft:skeleton":2,"undead_revamp2:thesomnolence":2,"minecraft:zombie":2,"takesapillage:clay_golem":1,"minecraft:chicken":5,"born_in_chaos_v1:corpse_fly":1,"minecraft:drowned":2,"minecraft:cow":2},"minecraft:crafted":{"minecraft:cooked_beef":4,"minecraft:oak_planks":26,"minecraft:crafting_table":4,"minecraft:wooden_pickaxe":1,"minecraft:furnace":1,"minecraft:stone_axe":1,"minecraft:bread":78,"minecraft:air":0,"minecraft:stick":10,"minecraft:iron_pickaxe":1,"minecraft:iron_ingot":3,"minecraft:stone_pickaxe":1,"minecraft:stone_sword":1,"minecraft:torch":12,"minecraft:wheat":234}},"DataVersion":3465}