{"stats":{"minecraft:used":{"alexsmobs:animal_dictionary":1},"minecraft:mined":{"minecraft:oak_log":5,"minecraft:oak_leaves":3},"minecraft:picked_up":{"minecraft:oak_log":5,"minecraft:stick":2},"minecraft:custom":{"minecraft:jump":109,"minecraft:time_since_rest":6510,"minecraft:damage_taken":80,"minecraft:leave_game":2,"minecraft:play_time":6510,"minecraft:sprint_one_cm":15405,"minecraft:time_since_death":6510,"minecraft:walk_one_cm":11492,"minecraft:total_world_time":6510,"minecraft:fall_one_cm":5281,"minecraft:fly_one_cm":18606},"minecraft:crafted":{"minecraft:crafting_table":1,"minecraft:oak_planks":20}},"DataVersion":3465}