{"stats":{"minecraft:used":{"minecraft:stone_sword":196,"minecraft:rose_bush":4,"minecraft:torch":15,"minecraft:dirt":8,"minecraft:carrot":20,"minecraft:stone_brick_stairs":2,"minecraft:bow":4,"minecraft:oak_sapling":2,"minecraft:furnace":1,"tombstone:gift":4,"minecraft:egg":2,"minecraft:cooked_beef":1,"minecraft:wheat_seeds":4,"minecraft:stone_pickaxe":90,"minecraft:oak_planks":16,"minecraft:wooden_pickaxe":13,"luminousworld:groundpebbles_1":1,"luminousworld:ishstone":2,"minecraft:crafting_table":7,"minecraft:white_bed":6,"minecraft:bread":63,"minecraft:iron_pickaxe":68,"minecraft:stone_axe":86,"luminousworld:sunset_petunias":1,"minecraft:cobblestone":71,"minecraft:oak_boat":3,"minecraft:yellow_bed":4,"alexsmobs:animal_dictionary":2},"minecraft:mined":{"minecraft:white_bed":9,"iceandfire:silver_ore":3,"luminousworld:grassvariant_4":1,"minecraft:grass_block":12,"luminousworld:grassvariant_2":3,"luminousworld:decorative_brown_mushroom_1":2,"minecraft:hay_block":49,"luminousworld:sunset_petunias":1,"minecraft:oak_trapdoor":1,"minecraft:furnace":1,"minecraft:carrots":26,"minecraft:iron_ore":9,"minecraft:bookshelf":8,"minecraft:potatoes":7,"minecraft:water_cauldron":1,"minecraft:stripped_oak_log":8,"luminousworld:groundpebbles_2":1,"luminousworld:decorative_brown_2":1,"minecraft:stone":101,"minecraft:crafting_table":3,"minecraft:torch":5,"minecraft:emerald_ore":1,"minecraft:cobblestone":2,"minecraft:oak_planks":2,"placeablesmod:bread_full_block":2,"minecraft:wall_torch":6,"minecraft:wheat":17,"minecraft:birch_leaves":4,"born_in_chaos_v1:river_mint":1,"minecraft:yellow_bed":5,"minecraft:stone_brick_stairs":2,"minecraft:grass":12,"minecraft:oak_log":9,"minecraft:coal_ore":36,"minecraft:beetroots":2,"minecraft:gravel":1,"minecraft:dirt":8,"luminousworld:grassvariant_3":1,"minecraft:cobweb":1,"minecraft:cracked_stone_bricks":4,"minecraft:stone_bricks":4,"minecraft:oak_leaves":17},"minecraft:dropped":{"minecraft:bread":34,"minecraft:wheat_seeds":39,"minecraft:crafting_table":2,"minecraft:iron_helmet":1,"minecraft:cobblestone":36,"iceandfire:ectoplasm":1,"minecraft:cracked_stone_bricks":3,"luminousworld:decorative_brown_mushroom_1":2,"minecraft:coal":13,"minecraft:leather_helmet":2,"minecraft:oxeye_daisy":2,"minecraft:dirt":2,"minecraft:stone_button":1,"minecraft:rose_bush":14,"enemyexpansion:wasp_thorax":1,"tombstone:grave_dust":1,"minecraft:iron_leggings":1,"minecraft:string":1,"luminousworld:decorative_brown_2":1,"minecraft:armor_stand":4,"minecraft:stone_axe":2,"minecraft:oak_trapdoor":1,"minecraft:stone_sword":1,"alexsmobs:animal_dictionary":1,"undead_revamp2:arapholia":1,"minecraft:rotten_flesh":9,"minecraft:clay_ball":4,"minecraft:iron_boots":1,"minecraft:white_bed":2,"luminousworld:yellow_grassflowers":2,"minecraft:poppy":1,"luminousworld:grassflowers":1,"minecraft:iron_chestplate":1,"luminousworld:groundpebbles_1":1,"minecraft:beetroot_seeds":4,"minecraft:yellow_bed":1,"minecraft:leather_leggings":1,"minecraft:stone_bricks":4,"minecraft:spider_eye":1,"minecraft:wooden_pickaxe":1,"minecraft:bow":2,"minecraft:stone_pickaxe":1,"minecraft:beef":4,"minecraft:egg":1},"minecraft:picked_up":{"minecraft:crafting_table":3,"luminousworld:groundpebbles_1":2,"minecraft:iron_chestplate":2,"minecraft:wheat":8,"luminousworld:decorative_brown_2":1,"minecraft:chicken":8,"minecraft:clay_ball":4,"enemyexpansion:wasp_thorax":1,"minecraft:stone_brick_stairs":2,"minecraft:string":1,"minecraft:oak_trapdoor":1,"minecraft:raw_copper":5,"minecraft:iron_leggings":2,"minecraft:armor_stand":4,"minecraft:cracked_stone_bricks":3,"minecraft:beef":8,"minecraft:rose_bush":18,"minecraft:poppy":1,"minecraft:furnace":1,"minecraft:iron_boots":2,"minecraft:egg":3,"minecraft:stick":2,"minecraft:raw_iron":9,"minecraft:torch":11,"minecraft:stone_button":1,"tombstone:grave_dust":1,"minecraft:carrot":51,"minecraft:cauldron":1,"luminousworld:grassflowers":1,"luminousworld:decorative_brown_mushroom_1":2,"minecraft:arrow":3,"minecraft:rotten_flesh":9,"luminousworld:yellow_grassflowers":2,"minecraft:beetroot_seeds":4,"minecraft:hay_block":49,"minecraft:cod":1,"undead_revamp2:arapholia":1,"minecraft:white_wool":2,"minecraft:cobblestone":137,"minecraft:oxeye_daisy":2,"minecraft:stripped_oak_log":8,"minecraft:feather":19,"luminousworld:ishstone":2,"minecraft:potato":15,"minecraft:oak_log":9,"iceandfire:ectoplasm":1,"minecraft:yellow_bed":5,"minecraft:dirt":17,"minecraft:bone":6,"minecraft:stone_bricks":4,"minecraft:bow":4,"minecraft:wheat_seeds":43,"minecraft:oak_planks":2,"minecraft:book":24,"luminousworld:sunset_petunias":1,"minecraft:white_bed":8,"minecraft:spider_eye":1,"minecraft:leather_helmet":1,"minecraft:stone_axe":1,"minecraft:iron_helmet":2,"minecraft:emerald":1,"minecraft:bread":2,"minecraft:chainmail_helmet":1,"minecraft:oak_sapling":2,"minecraft:coal":48,"iceandfire:raw_silver":3},"minecraft:broken":{"minecraft:stone_sword":1,"minecraft:stone_axe":1},"minecraft:killed_by":{"iceandfire:siren":1,"iceandfire:sea_serpent":1,"iceandfire:ghost":1},"minecraft:custom":{"minecraft:mob_kills":32,"minecraft:interact_with_crafting_table":16,"minecraft:damage_dealt_resisted":9,"minecraft:leave_game":5,"minecraft:time_since_death":24061,"minecraft:climb_one_cm":228,"minecraft:sprint_one_cm":505212,"minecraft:walk_one_cm":512296,"minecraft:drop":89,"minecraft:talked_to_villager":4,"minecraft:play_time":176775,"minecraft:sneak_time":2914,"minecraft:deaths":4,"minecraft:walk_under_water_one_cm":27028,"minecraft:boat_one_cm":161087,"minecraft:jump":3719,"minecraft:walk_on_water_one_cm":45217,"minecraft:total_world_time":176775,"minecraft:interact_with_furnace":6,"tombstone:raider_killed":3,"minecraft:sleep_in_bed":14,"minecraft:time_since_rest":21662,"minecraft:damage_taken":4468,"minecraft:trigger_trapped_chest":2,"minecraft:damage_dealt":5529,"minecraft:swim_one_cm":79111,"minecraft:fly_one_cm":579490,"minecraft:open_chest":2,"minecraft:crouch_one_cm":8808,"tombstone:undead_killed":12,"minecraft:fall_one_cm":88735},"minecraft:killed":{"undead_revamp2:thehunter":1,"minecraft:witch":1,"enemyexpansion:direwolf":1,"born_in_chaos_v1:maggot":3,"minecraft:skeleton":2,"takesapillage:clay_golem":1,"minecraft:chicken":5,"undead_revamp2:thebidy":1,"minecraft:drowned":2,"undead_revamp2:the_moonflower":1,"undead_revamp2:thesomnolence":2,"minecraft:zombie":2,"iceandfire:ghost":3,"born_in_chaos_v1:corpse_fly":1,"enemyexpansion:wasp":1,"minecraft:cow":2},"minecraft:crafted":{"minecraft:oak_planks":66,"minecraft:furnace":1,"minecraft:stone_pickaxe":2,"minecraft:wheat":441,"minecraft:cooked_beef":4,"minecraft:crafting_table":6,"minecraft:wooden_pickaxe":1,"minecraft:stone_axe":3,"minecraft:bread":149,"minecraft:air":0,"minecraft:oak_boat":3,"minecraft:stick":18,"minecraft:iron_ingot":3,"minecraft:iron_pickaxe":1,"minecraft:stone_sword":3,"minecraft:torch":12}},"DataVersion":3465}