{"stats":{"minecraft:used":{"minecraft:stone_sword":42,"minecraft:bread":5,"minecraft:stone_pickaxe":1,"minecraft:wooden_pickaxe":13,"minecraft:stone_axe":3,"minecraft:crafting_table":2,"minecraft:yellow_bed":2,"alexsmobs:animal_dictionary":2},"minecraft:mined":{"minecraft:hay_block":13,"minecraft:carrots":10,"minecraft:wheat":12,"minecraft:yellow_bed":3,"minecraft:grass":1,"minecraft:potatoes":3,"minecraft:oak_log":5,"minecraft:beetroots":2,"minecraft:water_cauldron":1,"minecraft:stone":13,"placeablesmod:bread_full_block":2,"minecraft:oak_leaves":3},"minecraft:picked_up":{"minecraft:stick":2,"minecraft:feather":5,"minecraft:chicken":3,"minecraft:potato":3,"minecraft:oak_log":5,"tombstone:grave_dust":1,"minecraft:carrot":10,"minecraft:yellow_bed":3,"minecraft:cauldron":1,"minecraft:beetroot_seeds":2,"minecraft:wheat_seeds":12,"minecraft:hay_block":13,"minecraft:bread":2,"minecraft:cobblestone":12,"minecraft:egg":2},"minecraft:dropped":{"minecraft:bread":11,"minecraft:wheat_seeds":12,"minecraft:beetroot_seeds":2,"tombstone:grave_dust":1},"minecraft:custom":{"minecraft:time_since_rest":3262,"minecraft:sprint_one_cm":45630,"minecraft:damage_taken":295,"minecraft:walk_one_cm":43836,"minecraft:mob_kills":4,"minecraft:drop":14,"minecraft:damage_dealt":321,"minecraft:talked_to_villager":3,"minecraft:interact_with_crafting_table":3,"minecraft:fly_one_cm":32494,"minecraft:open_chest":1,"minecraft:crouch_one_cm":95,"minecraft:play_time":17430,"tombstone:undead_killed":1,"minecraft:sneak_time":89,"minecraft:walk_under_water_one_cm":110,"minecraft:jump":228,"minecraft:leave_game":3,"minecraft:time_since_death":17430,"minecraft:walk_on_water_one_cm":2083,"minecraft:sleep_in_bed":3,"minecraft:climb_one_cm":20,"minecraft:total_world_time":17430,"minecraft:fall_one_cm":8101},"minecraft:killed":{"minecraft:chicken":3,"minecraft:drowned":1},"minecraft:crafted":{"minecraft:oak_planks":20,"minecraft:crafting_table":2,"minecraft:stick":6,"minecraft:wooden_pickaxe":1,"minecraft:stone_pickaxe":1,"minecraft:stone_sword":1,"minecraft:stone_axe":1,"minecraft:bread":39,"minecraft:wheat":117}},"DataVersion":3465}