{"stats":{"minecraft:killed_by":{"undead_revamp2:thewolf":1,"undead_revamp2:the_moonflower":1,"born_in_chaos_v1:nightmare_stalker":1,"minecraft:creeper":1,"iceandfire:siren":1,"minecraft:pillager":1,"iceandfire:sea_serpent":1,"minecraft:silverfish":1,"born_in_chaos_v1:diamond_termite":1,"minecraft:cave_spider":1,"undead_revamp2:bomber":1,"artifacts:mimic":1,"minecraft:zombie":1,"undead_revamp2:axestrom":1,"enemyexpansion:equestrian":1,"undead_revamp2:theswarmer":1,"undead_revamp2:thespitter":1,"undead_revamp2:thehorrors":1,"iceandfire:gorgon":1,"mutantmonsters:mutant_skeleton":1,"iceandfire:ghost":3},"minecraft:picked_up":{"minecraft:iron_chestplate":2,"minecraft:wheat":9,"illagerinvasion:platinum_chunk":2,"minecraft:creeper_head":1,"minecraft:anvil":1,"minecraft:prismarine_shard":9,"minecraft:diamond_sword":3,"alexscaves:cave_tablet":1,"enemyexpansion:wasp_thorax":1,"minecraft:stone_brick_stairs":3,"tombstone:grave_key":2,"minecraft:string":31,"minecraft:raw_copper":15,"minecraft:iron_leggings":3,"minecraft:armor_stand":4,"minecraft:gold_nugget":698,"minecraft:cobbled_deepslate":93,"minecraft:rose_bush":19,"minecraft:iron_pickaxe":1,"minecraft:furnace":1,"minecraft:iron_boots":3,"minecraft:stick":5,"minecraft:torch":43,"minecraft:pointed_dripstone":2,"tombstone:grave_dust":9,"minecraft:diorite":1,"minecraft:cauldron":1,"luminousworld:grassflowers":3,"minecraft:rotten_flesh":77,"luminousworld:yellow_grassflowers":2,"minecraft:tropical_fish":1,"supplementaries:antique_ink":1,"ecologics:coconut_log":1,"supplementaries:ash":4,"minecraft:obsidian":5,"minecraft:cod":1,"undead_revamp2:arapholia":3,"minecraft:cobblestone":865,"minecraft:birch_log":2,"minecraft:feather":20,"minecraft:andesite":12,"minecraft:golden_leggings":1,"minecraft:potato":15,"minecraft:flint":2,"minecraft:tuff":16,"minecraft:lapis_lazuli":59,"minecraft:dirt":153,"artifacts:flippers":1,"minecraft:bone":15,"undead_revamp2:blacpetalblock":1,"minecraft:bow":5,"minecraft:wheat_seeds":53,"minecraft:raw_gold":3,"minecraft:oak_planks":40,"minecraft:poisonous_potato":1,"iceandfire:shiny_scales":2,"minecraft:mossy_cobblestone":1,"undead_revamp2:acidsack":1,"minecraft:bundle":2,"minecraft:diamond":6,"minecraft:crossbow":1,"minecraft:granite":23,"minecraft:chainmail_helmet":1,"minecraft:emerald":14,"minecraft:bread":6,"minecraft:oak_sapling":2,"born_in_chaos_v1:rotten_fish":3,"iceandfire:raw_silver":23,"luminousworld:groundpebbles_1":2,"minecraft:charcoal":2,"minecraft:crafting_table":3,"luminousworld:decorative_brown_2":1,"minecraft:chicken":8,"minecraft:clay_ball":4,"minecraft:cornflower":1,"minecraft:oak_trapdoor":1,"minecraft:iron_shovel":1,"minecraft:cracked_stone_bricks":3,"minecraft:beef":13,"minecraft:oak_boat":1,"minecraft:poppy":1,"minecraft:sugar_cane":5,"minecraft:egg":3,"minecraft:raw_iron":90,"minecraft:oak_door":1,"minecraft:copper_ingot":3,"sophisticatedbackpacks:backpack":1,"minecraft:stone_button":6,"minecraft:carrot":219,"minecraft:redstone":4,"minecraft:prismarine_crystals":3,"luminousworld:decorative_brown_mushroom_1":2,"minecraft:arrow":19,"minecraft:beetroot_seeds":6,"minecraft:peony":3,"minecraft:hay_block":49,"minecraft:white_wool":9,"minecraft:oxeye_daisy":2,"minecraft:stripped_oak_log":8,"born_in_chaos_v1:corpse_maggot":7,"minecraft:glow_ink_sac":1,"luminousworld:ishstone":33,"minecraft:leather":2,"minecraft:oak_log":113,"iceandfire:ectoplasm":2,"minecraft:yellow_bed":5,"minecraft:gunpowder":7,"minecraft:white_banner":1,"minecraft:stone_bricks":4,"minecraft:stone_pickaxe":1,"tombstone:bag_of_seeds":1,"minecraft:book":175,"minecraft:oak_slab":3,"minecraft:pumpkin":12,"minecraft:dandelion":4,"minecraft:dripstone_block":1,"luminousworld:sunset_petunias":1,"minecraft:gravel":14,"minecraft:blast_furnace":4,"minecraft:white_bed":10,"minecraft:spider_eye":3,"minecraft:leather_helmet":1,"minecraft:slime_ball":1,"minecraft:stone_axe":1,"minecraft:chainmail_leggings":1,"minecraft:iron_helmet":3,"minecraft:scute":1,"minecraft:coal":146},"minecraft:crafted":{"minecraft:oak_planks":478,"aether:iron_ring":1,"minecraft:oak_sign":3,"minecraft:bookshelf":47,"minecraft:iron_boots":3,"minecraft:crafting_table":10,"minecraft:wooden_pickaxe":1,"minecraft:iron_helmet":3,"minecraft:birch_planks":8,"minecraft:iron_chestplate":3,"minecraft:shield":1,"minecraft:stick":48,"quark:oak_chest":4,"minecraft:iron_ingot":99,"minecraft:iron_pickaxe":6,"minecraft:stone_sword":3,"minecraft:gold_ingot":73,"iceandfire:silver_sword":1,"minecraft:golden_carrot":5,"minecraft:oak_door":6,"ecologics:coconut_planks":4,"minecraft:furnace":1,"minecraft:iron_axe":1,"minecraft:iron_hoe":1,"minecraft:stone_pickaxe":3,"minecraft:wheat":441,"minecraft:cooked_beef":4,"minecraft:diamond_sword":2,"iceandfire:silver_ingot":8,"minecraft:enchanting_table":1,"minecraft:iron_sword":1,"minecraft:bucket":3,"minecraft:stone_axe":3,"minecraft:bread":153,"minecraft:air":0,"minecraft:oak_boat":4,"minecraft:golden_apple":9,"minecraft:iron_leggings":2,"minecraft:white_bed":1,"minecraft:torch":32},"minecraft:killed":{"undead_revamp2:thewolf":1,"luminousworld:miner_zombie":1,"minecraft:cave_spider":3,"minecraft:witch":1,"born_in_chaos_v1:zombie_lumberjack":1,"minecraft:spider":2,"undead_revamp2:axestrom":1,"undead_revamp2:thesmoker":3,"born_in_chaos_v1:siamese_skeletonsright":1,"undead_revamp2:theswarmer":1,"minecraft:skeleton":11,"luminousworld:dark_oak_skeleton":1,"minecraft:chicken":5,"illagerinvasion:provoker":1,"minecraft:silverfish":5,"undead_revamp2:therod":2,"undead_revamp2:thespitter":1,"minecraft:creeper":1,"minecraft:pillager":3,"enemyexpansion:meature":1,"minecraft:zombie":16,"enemyexpansion:vampire":1,"born_in_chaos_v1:corpse_fly":2,"enemyexpansion:botfly":4,"takesapillage:archer":2,"minecraft:cow":2,"enemyexpansion:wasp":1,"undead_revamp2:thehunter":3,"minecraft:vindicator":2,"enemyexpansion:direwolf":7,"born_in_chaos_v1:maggot":9,"iceandfire:siren":1,"takesapillage:clay_golem":1,"undead_revamp2:thebidy":1,"minecraft:drowned":2,"undead_revamp2:sucker":1,"born_in_chaos_v1:barrel_zombie":3,"minecraft:husk":1,"born_in_chaos_v1:bone_imp_minion":2,"born_in_chaos_v1:baby_skeleton":1,"undead_revamp2:the_moonflower":12,"enemyexpansion:sprinter":1,"earthmobsmod:cream_cow":2,"born_in_chaos_v1:bloody_gadfly":1,"undead_revamp2:thesomnolence":2,"iceandfire:ghost":4,"enemyexpansion:huntsman":2,"alexsmobs:crow":2},"minecraft:broken":{"minecraft:iron_boots":2,"minecraft:iron_chestplate":1,"minecraft:iron_leggings":2,"minecraft:stone_pickaxe":1,"minecraft:stone_axe":1,"minecraft:stone_sword":2,"aether:iron_gloves":1,"minecraft:iron_pickaxe":4,"minecraft:iron_helmet":2,"minecraft:golden_pickaxe":1},"minecraft:custom":{"minecraft:interact_with_crafting_table":62,"minecraft:open_barrel":25,"minecraft:eat_cake_slice":3,"minecraft:leave_game":7,"minecraft:time_since_death":25496,"minecraft:sprint_one_cm":1326749,"minecraft:damage_blocked_by_shield":1761,"minecraft:drop":163,"minecraft:talked_to_villager":4,"minecraft:play_time":589102,"minecraft:deaths":24,"minecraft:jump":9401,"minecraft:walk_on_water_one_cm":120622,"minecraft:interact_with_furnace":31,"minecraft:interact_with_cartography_table":1,"minecraft:interact_with_loom":1,"minecraft:sleep_in_bed":19,"minecraft:damage_dealt":31821,"minecraft:crouch_one_cm":28430,"tombstone:undead_killed":74,"minecraft:interact_with_smoker":2,"minecraft:use_cauldron":1,"minecraft:interact_with_anvil":6,"minecraft:mob_kills":149,"minecraft:fill_cauldron":1,"minecraft:damage_dealt_resisted":727,"minecraft:climb_one_cm":17772,"minecraft:walk_one_cm":1690491,"minecraft:damage_dealt_absorbed":40,"minecraft:sneak_time":9012,"minecraft:walk_under_water_one_cm":57757,"minecraft:boat_one_cm":428336,"minecraft:interact_with_blast_furnace":8,"minecraft:total_world_time":589102,"tombstone:raider_killed":11,"minecraft:tune_noteblock":6,"minecraft:time_since_rest":18506,"minecraft:damage_taken":2147483647,"minecraft:trigger_trapped_chest":3,"minecraft:swim_one_cm":131946,"minecraft:fly_one_cm":1513508,"minecraft:open_chest":114,"minecraft:fall_one_cm":200967},"minecraft:used":{"minecraft:iron_shovel":14,"minecraft:oak_sign":3,"minecraft:shield":75,"minecraft:carrot":247,"minecraft:tuff":13,"minecraft:stone_brick_stairs":2,"minecraft:bow":11,"minecraft:oak_sapling":2,"minecraft:furnace":2,"minecraft:egg":2,"minecraft:stone_pickaxe":267,"minecraft:oak_planks":30,"minecraft:wooden_pickaxe":13,"luminousworld:groundpebbles_1":1,"minecraft:blast_furnace":4,"minecraft:bread":123,"minecraft:gravel":1,"minecraft:diamond_sword":530,"minecraft:oak_boat":5,"minecraft:golden_pickaxe":32,"minecraft:rose_bush":4,"minecraft:enchanting_table":1,"minecraft:stone_sword":281,"iceandfire:silver_sword":46,"minecraft:redstone":1,"minecraft:oak_door":7,"minecraft:torch":74,"minecraft:dirt":68,"minecraft:anvil":1,"minecraft:iron_hoe":26,"minecraft:bookshelf":41,"minecraft:iron_axe":220,"minecraft:iron_boots":1,"minecraft:golden_carrot":4,"tombstone:gift":12,"minecraft:cooked_beef":1,"minecraft:wheat_seeds":4,"minecraft:water_bucket":10,"minecraft:cauldron":1,"luminousworld:ishstone":2,"minecraft:crafting_table":11,"minecraft:white_bed":8,"tombstone:bag_of_seeds":1,"minecraft:iron_pickaxe":1037,"minecraft:stone_axe":103,"luminousworld:sunset_petunias":1,"minecraft:cobblestone":468,"minecraft:bucket":12,"minecraft:yellow_bed":4,"quark:oak_chest":4,"alexsmobs:animal_dictionary":2},"minecraft:dropped":{"minecraft:iron_sword":1,"minecraft:crafting_table":2,"minecraft:pitcher_pod":2,"minecraft:scute":1,"iceandfire:ectoplasm":2,"minecraft:cracked_stone_bricks":3,"minecraft:leather_helmet":2,"minecraft:dirt":2,"minecraft:stone_button":6,"minecraft:cornflower":1,"undead_revamp2:blacpetalblock":1,"minecraft:white_wool":1,"luminousworld:decorative_brown_2":1,"minecraft:armor_stand":4,"minecraft:stone_axe":2,"undead_revamp2:acidsack":1,"alexsmobs:animal_dictionary":1,"alexscaves:cave_tablet":2,"undead_revamp2:arapholia":2,"minecraft:pointed_dripstone":2,"minecraft:rotten_flesh":19,"minecraft:white_bed":2,"minecraft:poppy":1,"supplementaries:ash":4,"luminousworld:grassflowers":4,"minecraft:beetroot_seeds":6,"minecraft:melon_seeds":5,"born_in_chaos_v1:corpse_maggot":2,"minecraft:leather_leggings":1,"minecraft:arrow":1,"minecraft:beef":4,"iceandfire:manuscript":2,"minecraft:egg":1,"minecraft:water_bucket":2,"minecraft:bread":43,"minecraft:wheat_seeds":50,"luminousworld:ishstone":17,"minecraft:prismarine_shard":7,"minecraft:iron_helmet":1,"minecraft:cobblestone":36,"minecraft:prismarine_crystals":3,"minecraft:granite":6,"luminousworld:decorative_brown_mushroom_1":2,"minecraft:copper_ingot":2,"minecraft:chainmail_helmet":1,"minecraft:coal":29,"minecraft:oxeye_daisy":2,"illagerinvasion:platinum_chunk":2,"minecraft:diorite":1,"minecraft:torch":1,"tombstone:grave_key":4,"minecraft:rose_bush":15,"enemyexpansion:wasp_thorax":1,"tombstone:grave_dust":3,"minecraft:iron_leggings":1,"minecraft:string":18,"minecraft:dandelion":4,"minecraft:oak_trapdoor":1,"minecraft:stone_sword":1,"minecraft:raw_copper":7,"born_in_chaos_v1:rotten_fish":1,"minecraft:clay_ball":4,"minecraft:iron_boots":1,"minecraft:torchflower_seeds":3,"luminousworld:yellow_grassflowers":2,"minecraft:peony":3,"minecraft:iron_chestplate":2,"luminousworld:groundpebbles_1":1,"minecraft:andesite":1,"minecraft:yellow_bed":1,"minecraft:spider_eye":3,"minecraft:stone_bricks":4,"minecraft:bow":2,"minecraft:stone_pickaxe":1,"minecraft:wooden_pickaxe":1,"minecraft:raw_gold":1},"minecraft:mined":{"undead_revamp2:arapholia":1,"minecraft:white_bed":11,"minecraft:granite":18,"minecraft:grass_block":27,"placeablesmod:carrot_block_1":2,"minecraft:frosted_ice":2,"minecraft:spawner":2,"minecraft:iron_ore":85,"minecraft:fire":2,"minecraft:pumpkin":12,"minecraft:deepslate_lapis_ore":1,"minecraft:anvil":1,"minecraft:pointed_dripstone":1,"iceandfire:gold_pile":57,"minecraft:water_cauldron":1,"minecraft:stripped_mangrove_wood":1,"luminousworld:decorative_brown_2":1,"minecraft:smoker":1,"born_in_chaos_v1:infected_deepslate_diamond_ore":2,"minecraft:torch":7,"minecraft:blast_furnace":4,"minecraft:cobblestone":53,"minecraft:sugar_cane":2,"minecraft:oak_planks":12,"placeablesmod:bread_full_block":2,"minecraft:wall_torch":15,"minecraft:wheat":17,"born_in_chaos_v1:river_mint":1,"minecraft:stone_brick_stairs":2,"minecraft:grass":27,"minecraft:oak_log":120,"minecraft:beetroots":2,"minecraft:dirt":51,"luminousworld:grassvariant_3":1,"minecraft:oak_leaves":21,"minecraft:deepslate":93,"minecraft:tuff":14,"iceandfire:silver_ore":24,"minecraft:deepslate_diamond_ore":5,"luminousworld:grassvariant_4":2,"minecraft:oak_door":1,"minecraft:redstone_wire":1,"luminousworld:grassvariant_2":4,"luminousworld:decorative_brown_mushroom_1":2,"ecologics:coconut_log":1,"minecraft:hay_block":49,"luminousworld:sunset_petunias":1,"minecraft:oak_trapdoor":1,"minecraft:furnace":1,"minecraft:carrots":69,"minecraft:andesite":11,"minecraft:peony":3,"minecraft:bookshelf":63,"minecraft:potatoes":7,"minecraft:deepslate_iron_ore":6,"minecraft:stripped_oak_log":8,"luminousworld:groundpebbles_2":1,"minecraft:stone":759,"minecraft:white_wool":4,"minecraft:oak_slab":2,"minecraft:crafting_table":3,"minecraft:emerald_ore":6,"minecraft:rose_bush":4,"minecraft:copper_ore":3,"minecraft:tall_grass":10,"minecraft:lapis_ore":8,"minecraft:deepslate_gold_ore":3,"supplementaries:urn":5,"minecraft:beehive":1,"minecraft:redstone_torch":1,"minecraft:birch_leaves":4,"minecraft:yellow_bed":5,"minecraft:coal_ore":121,"luminousworld:ishstone":17,"minecraft:gravel":17,"minecraft:cobweb":22,"minecraft:cracked_stone_bricks":4,"minecraft:stone_bricks":4,"minecraft:infested_stone":3}},"DataVersion":3465}