{"stats":{"minecraft:used":{"minecraft:stone_sword":130,"minecraft:stone_pickaxe":90,"minecraft:wooden_pickaxe":13,"luminousworld:groundpebbles_1":1,"minecraft:torch":4,"minecraft:crafting_table":3,"minecraft:white_bed":3,"minecraft:bread":38,"minecraft:iron_pickaxe":20,"minecraft:stone_axe":8,"minecraft:cobblestone":20,"minecraft:furnace":1,"minecraft:yellow_bed":4,"alexsmobs:animal_dictionary":2,"minecraft:egg":2},"minecraft:mined":{"minecraft:white_bed":7,"minecraft:crafting_table":1,"minecraft:torch":2,"minecraft:grass_block":1,"minecraft:cobblestone":2,"placeablesmod:bread_full_block":2,"minecraft:wall_torch":2,"minecraft:hay_block":26,"minecraft:furnace":1,"minecraft:carrots":10,"minecraft:iron_ore":3,"minecraft:wheat":12,"minecraft:yellow_bed":5,"minecraft:grass":8,"minecraft:coal_ore":29,"minecraft:potatoes":3,"minecraft:oak_log":7,"minecraft:water_cauldron":1,"minecraft:beetroots":2,"minecraft:gravel":1,"minecraft:cobweb":1,"luminousworld:groundpebbles_2":1,"minecraft:stone":86,"minecraft:oak_leaves":3},"minecraft:dropped":{"minecraft:bread":19,"minecraft:stone_axe":1,"minecraft:wheat_seeds":12,"minecraft:crafting_table":2,"minecraft:cobblestone":36,"minecraft:clay_ball":4,"minecraft:white_bed":2,"minecraft:coal":13,"minecraft:yellow_bed":1,"minecraft:beetroot_seeds":2,"tombstone:grave_dust":1,"minecraft:beef":4,"minecraft:wooden_pickaxe":1},"minecraft:picked_up":{"luminousworld:groundpebbles_1":1,"minecraft:crafting_table":1,"minecraft:feather":9,"minecraft:chicken":5,"minecraft:clay_ball":4,"minecraft:potato":3,"minecraft:oak_log":7,"minecraft:yellow_bed":5,"minecraft:dirt":2,"minecraft:string":1,"minecraft:raw_copper":5,"minecraft:bone":4,"minecraft:wheat_seeds":13,"minecraft:beef":8,"minecraft:furnace":1,"minecraft:egg":3,"minecraft:stick":2,"minecraft:raw_iron":3,"minecraft:torch":5,"tombstone:grave_dust":1,"minecraft:carrot":10,"minecraft:white_bed":6,"minecraft:spider_eye":1,"minecraft:cauldron":1,"minecraft:arrow":1,"minecraft:rotten_flesh":5,"minecraft:stone_axe":1,"minecraft:beetroot_seeds":2,"minecraft:hay_block":26,"minecraft:bread":2,"minecraft:coal":41,"minecraft:white_wool":1,"minecraft:cobblestone":122},"minecraft:custom":{"minecraft:interact_with_furnace":6,"minecraft:mob_kills":22,"tombstone:raider_killed":3,"minecraft:interact_with_crafting_table":9,"minecraft:leave_game":4,"minecraft:time_since_death":93248,"minecraft:sleep_in_bed":10,"minecraft:climb_one_cm":20,"minecraft:time_since_rest":3973,"minecraft:sprint_one_cm":240371,"minecraft:damage_taken":1735,"minecraft:walk_one_cm":219880,"minecraft:drop":36,"minecraft:damage_dealt":2719,"minecraft:talked_to_villager":4,"minecraft:swim_one_cm":4734,"minecraft:fly_one_cm":259667,"minecraft:open_chest":2,"minecraft:crouch_one_cm":2859,"minecraft:play_time":93248,"tombstone:undead_killed":5,"minecraft:sneak_time":1095,"minecraft:walk_under_water_one_cm":8154,"minecraft:jump":1424,"minecraft:walk_on_water_one_cm":11273,"minecraft:total_world_time":93248,"minecraft:fall_one_cm":46545},"minecraft:killed":{"minecraft:witch":1,"born_in_chaos_v1:maggot":3,"minecraft:skeleton":1,"undead_revamp2:thesomnolence":2,"minecraft:zombie":2,"takesapillage:clay_golem":1,"minecraft:chicken":5,"born_in_chaos_v1:corpse_fly":1,"minecraft:drowned":2,"minecraft:cow":2},"minecraft:crafted":{"minecraft:cooked_beef":4,"minecraft:oak_planks":26,"minecraft:crafting_table":4,"minecraft:wooden_pickaxe":1,"minecraft:furnace":1,"minecraft:stone_axe":1,"minecraft:bread":78,"minecraft:air":0,"minecraft:stick":10,"minecraft:iron_pickaxe":1,"minecraft:iron_ingot":3,"minecraft:stone_pickaxe":1,"minecraft:stone_sword":1,"minecraft:torch":12,"minecraft:wheat":234}},"DataVersion":3465}