{"stats":{"minecraft:used":{"minecraft:stone_sword":281,"minecraft:rose_bush":4,"iceandfire:silver_sword":27,"minecraft:oak_door":3,"minecraft:torch":29,"minecraft:dirt":26,"minecraft:carrot":36,"minecraft:stone_brick_stairs":2,"minecraft:bow":4,"minecraft:oak_sapling":2,"minecraft:furnace":2,"tombstone:gift":6,"minecraft:egg":2,"minecraft:cooked_beef":1,"minecraft:wheat_seeds":4,"minecraft:stone_pickaxe":267,"minecraft:oak_planks":16,"minecraft:wooden_pickaxe":13,"minecraft:cauldron":1,"luminousworld:groundpebbles_1":1,"luminousworld:ishstone":2,"minecraft:crafting_table":8,"minecraft:white_bed":7,"minecraft:bread":76,"minecraft:iron_pickaxe":322,"minecraft:gravel":1,"minecraft:stone_axe":103,"luminousworld:sunset_petunias":1,"minecraft:cobblestone":286,"quark:oak_chest":1,"minecraft:oak_boat":3,"minecraft:yellow_bed":4,"alexsmobs:animal_dictionary":2,"minecraft:golden_pickaxe":32},"minecraft:mined":{"minecraft:white_bed":10,"iceandfire:silver_ore":16,"luminousworld:grassvariant_4":2,"minecraft:granite":2,"minecraft:grass_block":21,"luminousworld:grassvariant_2":3,"luminousworld:decorative_brown_mushroom_1":2,"minecraft:hay_block":49,"luminousworld:sunset_petunias":1,"minecraft:oak_trapdoor":1,"minecraft:furnace":1,"minecraft:carrots":27,"minecraft:iron_ore":52,"minecraft:andesite":6,"minecraft:bookshelf":8,"minecraft:potatoes":7,"minecraft:water_cauldron":1,"minecraft:stripped_oak_log":8,"luminousworld:groundpebbles_2":1,"luminousworld:decorative_brown_2":1,"minecraft:stone":446,"minecraft:white_wool":2,"minecraft:crafting_table":3,"minecraft:torch":6,"minecraft:emerald_ore":5,"minecraft:tall_grass":1,"minecraft:cobblestone":24,"minecraft:oak_planks":9,"placeablesmod:bread_full_block":2,"minecraft:wall_torch":8,"minecraft:wheat":17,"minecraft:birch_leaves":4,"born_in_chaos_v1:river_mint":1,"minecraft:yellow_bed":5,"minecraft:stone_brick_stairs":2,"minecraft:grass":15,"minecraft:oak_log":9,"minecraft:coal_ore":37,"luminousworld:ishstone":4,"minecraft:beetroots":2,"minecraft:gravel":10,"minecraft:dirt":36,"luminousworld:grassvariant_3":1,"minecraft:cobweb":1,"minecraft:cracked_stone_bricks":4,"minecraft:stone_bricks":4,"minecraft:oak_leaves":17,"minecraft:infested_stone":3},"minecraft:dropped":{"minecraft:bread":34,"minecraft:iron_sword":1,"minecraft:wheat_seeds":39,"luminousworld:ishstone":4,"minecraft:crafting_table":2,"minecraft:iron_helmet":1,"minecraft:cobblestone":36,"minecraft:granite":6,"iceandfire:ectoplasm":1,"minecraft:cracked_stone_bricks":3,"luminousworld:decorative_brown_mushroom_1":2,"minecraft:chainmail_helmet":1,"minecraft:coal":13,"minecraft:leather_helmet":2,"minecraft:oxeye_daisy":2,"minecraft:dirt":2,"minecraft:stone_button":1,"tombstone:grave_key":4,"minecraft:rose_bush":14,"enemyexpansion:wasp_thorax":1,"tombstone:grave_dust":1,"minecraft:iron_leggings":1,"minecraft:string":1,"minecraft:white_wool":1,"luminousworld:decorative_brown_2":1,"minecraft:armor_stand":4,"minecraft:stone_axe":2,"minecraft:oak_trapdoor":1,"minecraft:stone_sword":1,"alexsmobs:animal_dictionary":1,"undead_revamp2:arapholia":1,"minecraft:rotten_flesh":9,"minecraft:clay_ball":4,"minecraft:iron_boots":1,"minecraft:white_bed":2,"luminousworld:yellow_grassflowers":2,"minecraft:poppy":1,"luminousworld:grassflowers":1,"minecraft:iron_chestplate":1,"luminousworld:groundpebbles_1":1,"minecraft:beetroot_seeds":4,"minecraft:yellow_bed":1,"minecraft:leather_leggings":1,"minecraft:stone_bricks":4,"minecraft:spider_eye":1,"minecraft:wooden_pickaxe":1,"minecraft:bow":2,"minecraft:stone_pickaxe":1,"minecraft:beef":4,"minecraft:egg":1},"minecraft:picked_up":{"minecraft:crafting_table":3,"luminousworld:groundpebbles_1":2,"minecraft:iron_chestplate":2,"minecraft:wheat":8,"minecraft:prismarine_shard":3,"luminousworld:decorative_brown_2":1,"minecraft:chicken":8,"minecraft:clay_ball":4,"enemyexpansion:wasp_thorax":1,"minecraft:stone_brick_stairs":2,"tombstone:grave_key":2,"minecraft:string":1,"minecraft:oak_trapdoor":1,"minecraft:raw_copper":5,"minecraft:iron_leggings":2,"minecraft:armor_stand":4,"minecraft:cracked_stone_bricks":3,"minecraft:beef":8,"minecraft:rose_bush":18,"minecraft:poppy":1,"minecraft:furnace":1,"minecraft:iron_boots":2,"minecraft:egg":3,"minecraft:stick":2,"minecraft:raw_iron":52,"minecraft:torch":18,"minecraft:stone_button":1,"tombstone:grave_dust":1,"minecraft:carrot":55,"minecraft:prismarine_crystals":3,"minecraft:cauldron":1,"luminousworld:grassflowers":1,"luminousworld:decorative_brown_mushroom_1":2,"minecraft:arrow":3,"minecraft:rotten_flesh":18,"luminousworld:yellow_grassflowers":2,"minecraft:beetroot_seeds":4,"minecraft:hay_block":49,"minecraft:cod":1,"undead_revamp2:arapholia":1,"minecraft:white_wool":5,"minecraft:cobblestone":525,"minecraft:oxeye_daisy":2,"minecraft:stripped_oak_log":8,"minecraft:feather":19,"minecraft:andesite":6,"luminousworld:ishstone":20,"minecraft:potato":15,"minecraft:oak_log":9,"iceandfire:ectoplasm":1,"minecraft:yellow_bed":5,"minecraft:dirt":51,"minecraft:bone":6,"minecraft:stone_bricks":4,"minecraft:bow":4,"minecraft:wheat_seeds":43,"minecraft:stone_pickaxe":1,"minecraft:oak_planks":33,"minecraft:book":24,"iceandfire:shiny_scales":2,"minecraft:gravel":9,"luminousworld:sunset_petunias":1,"minecraft:mossy_cobblestone":1,"minecraft:white_bed":9,"minecraft:spider_eye":1,"minecraft:leather_helmet":1,"minecraft:bundle":1,"minecraft:stone_axe":1,"minecraft:iron_helmet":2,"minecraft:granite":6,"minecraft:emerald":10,"minecraft:bread":4,"minecraft:chainmail_helmet":1,"minecraft:oak_sapling":2,"minecraft:coal":49,"iceandfire:raw_silver":15},"minecraft:broken":{"minecraft:stone_sword":2,"minecraft:stone_pickaxe":1,"minecraft:stone_axe":1,"minecraft:iron_pickaxe":1,"minecraft:golden_pickaxe":1},"minecraft:killed_by":{"minecraft:creeper":1,"iceandfire:siren":1,"enemyexpansion:equestrian":1,"iceandfire:sea_serpent":1,"undead_revamp2:thehorrors":1,"minecraft:silverfish":1,"minecraft:cave_spider":1,"iceandfire:ghost":1},"minecraft:custom":{"minecraft:mob_kills":50,"minecraft:interact_with_crafting_table":28,"minecraft:open_barrel":1,"minecraft:damage_dealt_resisted":291,"minecraft:leave_game":5,"minecraft:time_since_death":2443,"minecraft:climb_one_cm":1504,"minecraft:sprint_one_cm":634283,"minecraft:walk_one_cm":717907,"minecraft:drop":100,"minecraft:talked_to_villager":4,"minecraft:play_time":242775,"minecraft:sneak_time":5079,"minecraft:deaths":9,"minecraft:walk_under_water_one_cm":30546,"minecraft:boat_one_cm":226292,"minecraft:jump":5212,"minecraft:walk_on_water_one_cm":52545,"minecraft:total_world_time":242775,"minecraft:interact_with_furnace":18,"tombstone:raider_killed":3,"minecraft:sleep_in_bed":15,"minecraft:time_since_rest":44,"minecraft:damage_taken":6550,"minecraft:trigger_trapped_chest":2,"minecraft:damage_dealt":8339,"minecraft:swim_one_cm":104046,"minecraft:fly_one_cm":754951,"minecraft:open_chest":7,"minecraft:crouch_one_cm":14888,"tombstone:undead_killed":17,"minecraft:interact_with_smoker":2,"minecraft:fall_one_cm":111299},"minecraft:killed":{"minecraft:cave_spider":1,"undead_revamp2:thehunter":1,"minecraft:witch":1,"undead_revamp2:thesmoker":1,"enemyexpansion:direwolf":3,"born_in_chaos_v1:maggot":3,"minecraft:skeleton":3,"iceandfire:siren":1,"takesapillage:clay_golem":1,"minecraft:chicken":5,"undead_revamp2:thebidy":1,"minecraft:silverfish":5,"minecraft:drowned":2,"undead_revamp2:sucker":1,"born_in_chaos_v1:bone_imp_minion":2,"undead_revamp2:the_moonflower":1,"undead_revamp2:thesomnolence":2,"minecraft:zombie":2,"iceandfire:ghost":3,"born_in_chaos_v1:corpse_fly":1,"enemyexpansion:wasp":1,"minecraft:cow":2},"minecraft:crafted":{"minecraft:oak_door":3,"minecraft:oak_planks":66,"minecraft:furnace":1,"minecraft:stone_pickaxe":3,"minecraft:wheat":441,"minecraft:cooked_beef":4,"iceandfire:silver_ingot":8,"minecraft:crafting_table":7,"minecraft:wooden_pickaxe":1,"minecraft:iron_sword":1,"minecraft:stone_axe":3,"minecraft:bread":149,"minecraft:air":0,"minecraft:oak_boat":4,"minecraft:stick":30,"quark:oak_chest":1,"minecraft:iron_ingot":8,"minecraft:iron_pickaxe":2,"minecraft:stone_sword":3,"minecraft:white_bed":1,"minecraft:torch":32,"iceandfire:silver_sword":1}},"DataVersion":3465}