{"stats":{"minecraft:used":{"minecraft:wheat_seeds":1,"minecraft:dirt":18,"minecraft:oak_sapling":1,"minecraft:birch_sapling":1,"alexsmobs:animal_dictionary":1,"tombstone:gift":2,"minecraft:white_bed":2},"minecraft:picked_up":{"minecraft:wheat":17,"minecraft:wheat_seeds":185,"minecraft:potato":10,"minecraft:oak_log":12,"minecraft:white_bed":2,"minecraft:carrot":19,"minecraft:oak_sapling":1,"minecraft:birch_sapling":1,"minecraft:dirt":20},"minecraft:dropped":{"minecraft:dirt":1,"minecraft:wheat_seeds":1},"minecraft:custom":{"minecraft:damage_taken":350,"minecraft:time_since_rest":15313,"minecraft:play_time":28654,"minecraft:crouch_one_cm":1052,"minecraft:sprint_one_cm":27569,"minecraft:walk_one_cm":102220,"minecraft:deaths":1,"minecraft:sneak_time":259,"minecraft:walk_under_water_one_cm":546,"minecraft:drop":2,"minecraft:jump":499,"minecraft:leave_game":1,"minecraft:time_since_death":16640,"minecraft:walk_on_water_one_cm":3740,"minecraft:total_world_time":28654,"minecraft:swim_one_cm":291,"minecraft:fall_one_cm":15496,"minecraft:fly_one_cm":59188},"minecraft:mined":{"minecraft:grass":1,"minecraft:grass_block":11,"minecraft:potatoes":3,"minecraft:oak_log":12,"minecraft:dirt_path":1,"minecraft:white_bed":2,"minecraft:carrots":3,"minecraft:dirt":8,"minecraft:wheat":13,"minecraft:birch_leaves":1,"minecraft:oak_leaves":2}},"DataVersion":3465}