{"stats":{"minecraft:killed_by":{"undead_revamp2:thesmoker":1},"minecraft:used":{"minecraft:wheat_seeds":1,"minecraft:cooked_mutton":1,"minecraft:stone_sword":40,"minecraft:stone_pickaxe":17,"aether:aether_dirt":2,"minecraft:wooden_pickaxe":28,"minecraft:dirt":22,"minecraft:crafting_table":2,"minecraft:white_bed":7,"aether:blue_aercloud":1,"minecraft:bread":6,"minecraft:birch_sapling":1,"minecraft:cobblestone":21,"minecraft:oak_sapling":1,"aether:skyroot_planks":6,"tombstone:gift":2,"alexsmobs:animal_dictionary":1,"aether:holystone":2},"minecraft:picked_up":{"minecraft:crafting_table":1,"minecraft:wheat":18,"minecraft:feather":3,"aether:aether_dirt":2,"minecraft:leather":1,"minecraft:potato":10,"minecraft:oak_log":12,"minecraft:yellow_bed":1,"minecraft:dirt":25,"minecraft:wheat_seeds":186,"aether:holystone":2,"minecraft:beef":2,"minecraft:birch_sapling":1,"aether:zanite_gemstone":3,"minecraft:carrot":20,"minecraft:white_bed":8,"aether:skyroot_log":2,"aether:swet_ball":1,"supplementaries:ash":1,"minecraft:oak_sapling":1,"iceandfire:tide_trident":1,"aether:blue_aercloud":1,"minecraft:mutton":4,"minecraft:coal":5,"iceandfire:raw_silver":4,"minecraft:white_wool":2,"minecraft:cobblestone":30},"minecraft:crafted":{"minecraft:cooked_beef":2,"minecraft:oak_planks":48,"minecraft:crafting_table":1,"minecraft:wooden_pickaxe":1,"minecraft:stone_axe":1,"minecraft:cooked_mutton":4,"minecraft:bread":27,"minecraft:air":0,"minecraft:shield":1,"minecraft:stick":8,"minecraft:stone_pickaxe":1,"minecraft:stone_sword":1,"aether:skyroot_planks":8},"minecraft:dropped":{"minecraft:wheat_seeds":1,"alexsmobs:animal_dictionary":1,"minecraft:wheat":1,"iceandfire:tide_trident":1,"aether:book_of_lore":1,"minecraft:dirt":1,"minecraft:yellow_bed":1},"minecraft:custom":{"minecraft:interact_with_furnace":5,"minecraft:mob_kills":4,"minecraft:interact_with_crafting_table":10,"minecraft:leave_game":1,"minecraft:time_since_death":1045,"minecraft:sleep_in_bed":5,"minecraft:time_since_rest":888,"minecraft:sprint_one_cm":73149,"minecraft:damage_taken":1606,"minecraft:walk_one_cm":309823,"minecraft:drop":7,"minecraft:damage_dealt":839,"minecraft:swim_one_cm":33896,"minecraft:fly_one_cm":117129,"minecraft:open_chest":4,"minecraft:crouch_one_cm":12715,"minecraft:play_time":82654,"minecraft:deaths":4,"minecraft:sneak_time":3479,"minecraft:walk_under_water_one_cm":3240,"minecraft:jump":1361,"minecraft:interact_with_blast_furnace":1,"minecraft:walk_on_water_one_cm":15219,"minecraft:total_world_time":82654,"minecraft:fall_one_cm":37780},"minecraft:killed":{"aether:sheepuff":2,"aether:flying_cow":1,"aether:moa":1},"minecraft:mined":{"minecraft:white_bed":8,"iceandfire:silver_ore":4,"aether:holystone":2,"aether:zanite_ore":3,"minecraft:crafting_table":1,"minecraft:grass_block":15,"minecraft:cobblestone":4,"aether:aether_dirt":1,"minecraft:carrots":3,"minecraft:wheat":14,"minecraft:birch_leaves":4,"aether:aether_grass_block":1,"minecraft:yellow_bed":1,"minecraft:grass":7,"minecraft:coal_ore":5,"aether:skyroot_log":2,"minecraft:potatoes":3,"minecraft:oak_log":12,"minecraft:dirt_path":1,"minecraft:dirt":8,"minecraft:stone":26,"minecraft:oak_leaves":3}},"DataVersion":3465}