{"stats":{"minecraft:used":{"minecraft:wheat_seeds":1,"minecraft:dirt":18,"minecraft:oak_sapling":1,"minecraft:birch_sapling":1,"minecraft:white_bed":1,"tombstone:gift":2,"alexsmobs:animal_dictionary":1},"minecraft:picked_up":{"minecraft:wheat":17,"minecraft:wheat_seeds":185,"minecraft:potato":10,"minecraft:oak_log":12,"minecraft:white_bed":2,"minecraft:carrot":19,"minecraft:oak_sapling":1,"minecraft:birch_sapling":1,"minecraft:dirt":20},"minecraft:dropped":{"minecraft:dirt":1,"minecraft:wheat_seeds":1},"minecraft:custom":{"minecraft:deaths":1,"minecraft:crouch_one_cm":1052,"minecraft:time_since_rest":7094,"minecraft:play_time":20435,"minecraft:sprint_one_cm":27569,"minecraft:damage_taken":350,"minecraft:walk_one_cm":93597,"minecraft:sneak_time":259,"minecraft:walk_under_water_one_cm":53,"minecraft:drop":2,"minecraft:jump":483,"minecraft:leave_game":1,"minecraft:walk_on_water_one_cm":3450,"minecraft:time_since_death":8421,"minecraft:total_world_time":20435,"minecraft:swim_one_cm":291,"minecraft:fall_one_cm":15496,"minecraft:fly_one_cm":59134},"minecraft:mined":{"minecraft:grass":1,"minecraft:potatoes":3,"minecraft:grass_block":11,"minecraft:oak_log":12,"minecraft:white_bed":2,"minecraft:dirt_path":1,"minecraft:carrots":3,"minecraft:dirt":8,"minecraft:wheat":13,"minecraft:birch_leaves":1,"minecraft:oak_leaves":2}},"DataVersion":3465}