{"stats":{"minecraft:used":{"minecraft:wheat_seeds":1,"minecraft:stone_sword":38,"minecraft:stone_pickaxe":17,"aether:aether_dirt":2,"minecraft:wooden_pickaxe":28,"minecraft:dirt":22,"minecraft:crafting_table":2,"minecraft:white_bed":6,"aether:blue_aercloud":1,"minecraft:bread":6,"minecraft:birch_sapling":1,"minecraft:cobblestone":21,"minecraft:oak_sapling":1,"aether:skyroot_planks":6,"tombstone:gift":2,"alexsmobs:animal_dictionary":1,"aether:holystone":2},"minecraft:crafted":{"minecraft:oak_planks":48,"minecraft:crafting_table":1,"minecraft:wooden_pickaxe":1,"minecraft:stone_axe":1,"minecraft:bread":6,"minecraft:shield":1,"minecraft:stick":8,"minecraft:stone_pickaxe":1,"minecraft:stone_sword":1,"aether:skyroot_planks":8},"minecraft:picked_up":{"minecraft:crafting_table":1,"minecraft:wheat":18,"minecraft:feather":3,"aether:aether_dirt":2,"minecraft:leather":1,"minecraft:potato":10,"minecraft:oak_log":12,"minecraft:dirt":24,"minecraft:wheat_seeds":186,"aether:holystone":2,"minecraft:beef":2,"minecraft:birch_sapling":1,"aether:zanite_gemstone":3,"minecraft:carrot":20,"minecraft:white_bed":7,"aether:skyroot_log":2,"aether:swet_ball":1,"supplementaries:ash":1,"minecraft:oak_sapling":1,"iceandfire:tide_trident":1,"aether:blue_aercloud":1,"minecraft:mutton":4,"minecraft:coal":5,"iceandfire:raw_silver":4,"minecraft:white_wool":2,"minecraft:cobblestone":30},"minecraft:dropped":{"minecraft:wheat_seeds":1,"alexsmobs:animal_dictionary":1,"iceandfire:tide_trident":1,"aether:book_of_lore":1,"minecraft:dirt":1},"minecraft:custom":{"minecraft:interact_with_furnace":3,"minecraft:mob_kills":4,"minecraft:interact_with_crafting_table":9,"minecraft:leave_game":1,"minecraft:time_since_death":6295,"minecraft:sleep_in_bed":4,"minecraft:time_since_rest":0,"minecraft:sprint_one_cm":62051,"minecraft:damage_taken":796,"minecraft:walk_one_cm":285252,"minecraft:drop":5,"minecraft:damage_dealt":789,"minecraft:swim_one_cm":11592,"minecraft:fly_one_cm":100472,"minecraft:open_chest":1,"minecraft:crouch_one_cm":11995,"minecraft:play_time":70654,"minecraft:deaths":2,"minecraft:sneak_time":3242,"minecraft:walk_under_water_one_cm":2673,"minecraft:jump":1168,"minecraft:interact_with_blast_furnace":1,"minecraft:walk_on_water_one_cm":5483,"minecraft:total_world_time":70654,"minecraft:fall_one_cm":26635},"minecraft:killed":{"aether:sheepuff":2,"aether:flying_cow":1,"aether:moa":1},"minecraft:mined":{"minecraft:white_bed":7,"iceandfire:silver_ore":4,"aether:holystone":2,"aether:zanite_ore":3,"minecraft:crafting_table":1,"minecraft:grass_block":15,"minecraft:cobblestone":4,"aether:aether_dirt":1,"minecraft:carrots":3,"minecraft:wheat":14,"minecraft:birch_leaves":1,"aether:aether_grass_block":1,"minecraft:grass":7,"minecraft:coal_ore":5,"aether:skyroot_log":2,"minecraft:potatoes":3,"minecraft:oak_log":12,"minecraft:dirt_path":1,"minecraft:dirt":8,"minecraft:stone":26,"minecraft:oak_leaves":2}},"DataVersion":3465}