{"stats":{"minecraft:killed_by":{"undead_revamp2:thesmoker":1},"minecraft:used":{"minecraft:wheat_seeds":1,"minecraft:cooked_mutton":4,"minecraft:stone_sword":42,"minecraft:stone_pickaxe":30,"minecraft:oak_planks":1,"aether:aether_dirt":2,"minecraft:wooden_pickaxe":28,"minecraft:cookie":5,"minecraft:white_wool":2,"minecraft:dirt":25,"minecraft:crafting_table":2,"minecraft:white_bed":8,"aether:blue_aercloud":1,"minecraft:apple":1,"minecraft:bread":10,"minecraft:birch_sapling":1,"minecraft:cobblestone":21,"minecraft:oak_sapling":1,"minecraft:andesite":1,"aether:skyroot_planks":8,"tombstone:gift":2,"alexsmobs:animal_dictionary":1,"aether:holystone":2},"minecraft:picked_up":{"minecraft:crafting_table":1,"minecraft:wheat":18,"minecraft:feather":3,"minecraft:andesite":1,"aether:aether_dirt":2,"minecraft:leather":1,"minecraft:potato":10,"minecraft:oak_log":12,"minecraft:yellow_bed":1,"minecraft:dirt":26,"minecraft:apple":1,"minecraft:wheat_seeds":186,"aether:holystone":2,"minecraft:beef":2,"minecraft:sugar_cane":2,"minecraft:birch_sapling":1,"aether:zanite_gemstone":3,"minecraft:cookie":5,"minecraft:carrot":20,"minecraft:white_bed":9,"aether:skyroot_log":2,"aether:swet_ball":1,"supplementaries:ash":1,"minecraft:oak_sapling":1,"iceandfire:tide_trident":1,"aether:blue_aercloud":1,"minecraft:mutton":4,"minecraft:coal":13,"iceandfire:raw_silver":4,"minecraft:white_wool":2,"minecraft:cobblestone":32},"minecraft:crafted":{"minecraft:cooked_beef":2,"minecraft:oak_planks":48,"minecraft:crafting_table":1,"minecraft:wooden_pickaxe":1,"minecraft:stone_axe":1,"minecraft:cooked_mutton":4,"minecraft:bread":27,"minecraft:air":0,"minecraft:shield":1,"minecraft:stick":8,"minecraft:stone_pickaxe":1,"minecraft:stone_sword":1,"aether:skyroot_planks":8},"minecraft:dropped":{"minecraft:wheat_seeds":1,"alexsmobs:animal_dictionary":1,"minecraft:wheat":1,"iceandfire:tide_trident":1,"aether:book_of_lore":1,"minecraft:dirt":1,"minecraft:yellow_bed":1},"minecraft:custom":{"minecraft:interact_with_furnace":5,"minecraft:mob_kills":5,"minecraft:interact_with_crafting_table":10,"minecraft:leave_game":1,"minecraft:time_since_death":13045,"minecraft:sleep_in_bed":5,"minecraft:time_since_rest":12888,"minecraft:sprint_one_cm":115783,"minecraft:damage_taken":1996,"minecraft:walk_one_cm":361033,"minecraft:drop":7,"minecraft:damage_dealt":884,"minecraft:swim_one_cm":44936,"minecraft:fly_one_cm":156604,"minecraft:open_chest":5,"minecraft:crouch_one_cm":12872,"minecraft:play_time":94654,"minecraft:deaths":4,"minecraft:sneak_time":3554,"minecraft:walk_under_water_one_cm":3471,"minecraft:jump":1622,"minecraft:interact_with_blast_furnace":1,"minecraft:walk_on_water_one_cm":23239,"minecraft:total_world_time":94654,"minecraft:fall_one_cm":43544},"minecraft:killed":{"aether:sheepuff":2,"aether:flying_cow":1,"aether:moa":1},"minecraft:mined":{"minecraft:white_bed":9,"iceandfire:silver_ore":4,"aether:holystone":2,"minecraft:mossy_cobblestone":2,"aether:zanite_ore":3,"minecraft:crafting_table":1,"minecraft:grass_block":15,"minecraft:cobblestone":4,"minecraft:sugar_cane":2,"aether:aether_dirt":1,"minecraft:carrots":3,"minecraft:wheat":14,"minecraft:andesite":1,"minecraft:birch_leaves":4,"aether:aether_grass_block":1,"minecraft:yellow_bed":1,"minecraft:grass":7,"minecraft:coal_ore":13,"aether:skyroot_log":2,"minecraft:potatoes":3,"minecraft:oak_log":12,"minecraft:dirt_path":1,"minecraft:dirt":11,"minecraft:stone":28,"minecraft:white_wool":2,"minecraft:oak_leaves":3}},"DataVersion":3465}