{"stats":{"minecraft:used":{"minecraft:wheat_seeds":1,"minecraft:stone_sword":5,"minecraft:bread":3,"minecraft:stone_pickaxe":6,"minecraft:birch_sapling":1,"minecraft:wooden_pickaxe":25,"minecraft:dirt":21,"minecraft:cobblestone":20,"minecraft:crafting_table":1,"minecraft:oak_sapling":1,"tombstone:gift":2,"minecraft:white_bed":4,"alexsmobs:animal_dictionary":1},"minecraft:crafted":{"minecraft:oak_planks":48,"minecraft:crafting_table":1,"minecraft:stick":8,"minecraft:wooden_pickaxe":1,"minecraft:stone_pickaxe":1,"minecraft:stone_sword":1,"minecraft:bread":6},"minecraft:picked_up":{"minecraft:wheat":18,"minecraft:potato":10,"minecraft:oak_log":12,"minecraft:white_bed":4,"minecraft:carrot":19,"minecraft:dirt":22,"minecraft:wheat_seeds":186,"supplementaries:ash":1,"minecraft:oak_sapling":1,"minecraft:birch_sapling":1,"iceandfire:raw_silver":4,"minecraft:cobblestone":26},"minecraft:dropped":{"minecraft:dirt":1,"minecraft:wheat_seeds":1},"minecraft:custom":{"minecraft:time_since_rest":14540,"minecraft:interact_with_furnace":2,"minecraft:sprint_one_cm":31376,"minecraft:damage_taken":350,"minecraft:walk_one_cm":178281,"minecraft:drop":2,"minecraft:damage_dealt":92,"minecraft:swim_one_cm":291,"minecraft:interact_with_crafting_table":7,"minecraft:fly_one_cm":67850,"minecraft:crouch_one_cm":2267,"minecraft:play_time":46654,"minecraft:deaths":1,"minecraft:sneak_time":931,"minecraft:walk_under_water_one_cm":546,"minecraft:jump":682,"minecraft:walk_on_water_one_cm":3740,"minecraft:leave_game":1,"minecraft:time_since_death":34640,"minecraft:sleep_in_bed":2,"minecraft:total_world_time":46654,"minecraft:fall_one_cm":16392},"minecraft:mined":{"minecraft:white_bed":4,"iceandfire:silver_ore":4,"minecraft:carrots":3,"minecraft:wheat":14,"minecraft:birch_leaves":1,"minecraft:grass":3,"minecraft:potatoes":3,"minecraft:grass_block":13,"minecraft:oak_log":12,"minecraft:dirt_path":1,"minecraft:dirt":8,"minecraft:cobblestone":1,"minecraft:stone":25,"minecraft:oak_leaves":2}},"DataVersion":3465}