{"stats":{"minecraft:used":{"aether:blue_aercloud":1,"minecraft:wheat_seeds":1,"minecraft:stone_sword":38,"minecraft:bread":6,"minecraft:stone_pickaxe":11,"minecraft:birch_sapling":1,"aether:aether_dirt":2,"minecraft:wooden_pickaxe":25,"minecraft:dirt":21,"minecraft:cobblestone":21,"minecraft:crafting_table":1,"minecraft:oak_sapling":1,"tombstone:gift":2,"minecraft:white_bed":4,"alexsmobs:animal_dictionary":1,"aether:holystone":2},"minecraft:crafted":{"minecraft:oak_planks":48,"minecraft:crafting_table":1,"minecraft:stick":8,"minecraft:wooden_pickaxe":1,"minecraft:stone_pickaxe":1,"minecraft:stone_sword":1,"aether:skyroot_planks":8,"minecraft:bread":6},"minecraft:picked_up":{"minecraft:feather":3,"minecraft:wheat":18,"aether:aether_dirt":2,"minecraft:leather":1,"minecraft:potato":10,"minecraft:oak_log":12,"aether:zanite_gemstone":3,"minecraft:white_bed":4,"minecraft:carrot":19,"minecraft:dirt":22,"aether:skyroot_log":2,"aether:holystone":2,"minecraft:wheat_seeds":186,"minecraft:beef":2,"aether:swet_ball":1,"iceandfire:tide_trident":1,"supplementaries:ash":1,"minecraft:oak_sapling":1,"minecraft:mutton":4,"aether:blue_aercloud":1,"minecraft:birch_sapling":1,"minecraft:white_wool":2,"iceandfire:raw_silver":4,"minecraft:cobblestone":26},"minecraft:dropped":{"minecraft:dirt":1,"minecraft:wheat_seeds":1,"iceandfire:tide_trident":1},"minecraft:custom":{"minecraft:time_since_rest":26540,"minecraft:interact_with_furnace":2,"minecraft:sprint_one_cm":53906,"minecraft:damage_taken":700,"minecraft:walk_one_cm":254988,"minecraft:mob_kills":4,"minecraft:drop":3,"minecraft:damage_dealt":789,"minecraft:swim_one_cm":291,"minecraft:interact_with_crafting_table":7,"minecraft:fly_one_cm":90760,"minecraft:crouch_one_cm":2758,"minecraft:play_time":58654,"minecraft:deaths":1,"minecraft:sneak_time":1048,"minecraft:walk_under_water_one_cm":2585,"minecraft:jump":971,"minecraft:walk_on_water_one_cm":4000,"minecraft:leave_game":1,"minecraft:time_since_death":46640,"minecraft:sleep_in_bed":2,"minecraft:total_world_time":58654,"minecraft:fall_one_cm":24052},"minecraft:killed":{"aether:moa":1,"aether:sheepuff":2,"aether:flying_cow":1},"minecraft:mined":{"aether:holystone":2,"aether:aether_dirt":1,"minecraft:white_bed":4,"iceandfire:silver_ore":4,"minecraft:carrots":3,"aether:zanite_ore":3,"minecraft:wheat":14,"minecraft:birch_leaves":1,"aether:aether_grass_block":1,"minecraft:grass":7,"aether:skyroot_log":2,"minecraft:potatoes":3,"minecraft:grass_block":13,"minecraft:oak_log":12,"minecraft:dirt_path":1,"minecraft:dirt":8,"minecraft:cobblestone":1,"minecraft:stone":25,"minecraft:oak_leaves":2}},"DataVersion":3465}