{"stats":{"minecraft:used":{"minecraft:shield":47,"minecraft:iron_sword":377,"minecraft:iron_chestplate":3,"minecraft:carrot":13,"minecraft:iron_helmet":3,"minecraft:furnace":2,"minecraft:oak_sapling":3,"minecraft:potato":3,"minecraft:dark_oak_stairs":1,"minecraft:stone_pickaxe":253,"minecraft:oak_planks":2,"minecraft:wooden_pickaxe":20,"minecraft:white_wool":1,"iceandfire:armor_copper_metal_chestplate":2,"minecraft:bread":89,"minecraft:gravel":5,"ecologics:coconut_slice":8,"minecraft:birch_log":1,"minecraft:oak_boat":1,"minecraft:experience_bottle":1,"minecraft:oak_fence":2,"minecraft:stone_sword":155,"iceandfire:armor_copper_metal_leggings":2,"minecraft:oak_door":2,"minecraft:torch":30,"iceandfire:armor_copper_metal_boots":2,"minecraft:dirt":45,"iceandfire:copper_sword":53,"minecraft:iron_hoe":1,"minecraft:wooden_axe":36,"minecraft:iron_boots":2,"alexscaves:spelunkery_table":1,"iceandfire:armor_copper_metal_helmet":2,"tombstone:gift":3,"minecraft:cooked_beef":4,"minecraft:iron_leggings":3,"minecraft:wheat_seeds":101,"minecraft:cooked_mutton":2,"minecraft:rail":1,"minecraft:crafting_table":6,"minecraft:white_bed":1,"minecraft:smoker":1,"minecraft:oak_log":6,"alexsmobs:flying_fish":1,"minecraft:apple":16,"minecraft:iron_pickaxe":18,"minecraft:stone_axe":94,"minecraft:cobblestone":74,"minecraft:cooked_porkchop":9,"minecraft:yellow_bed":3,"quark:oak_chest":4,"alexsmobs:animal_dictionary":2},"minecraft:mined":{"minecraft:dark_oak_planks":1,"minecraft:spruce_planks":11,"luminousworld:yellowpetunias":1,"placeablesmod:potato_block_1":1,"minecraft:grass_block":46,"iceandfire:lectern":1,"minecraft:spawner":3,"minecraft:iron_ore":35,"minecraft:dark_oak_stairs":2,"iceandfire:gold_pile":44,"minecraft:dirt_path":3,"minecraft:oak_stairs":1,"ecologics:walnut_log":5,"minecraft:torch":1,"minecraft:chest":1,"minecraft:cobblestone":25,"minecraft:oak_planks":7,"placeablesmod:bread_full_block":3,"minecraft:wall_torch":2,"minecraft:seagrass":1,"placeablesmod:cooked_pork_block":2,"minecraft:dark_oak_slab":5,"minecraft:birch_log":5,"minecraft:wheat":110,"minecraft:tnt":5,"minecraft:grass":52,"minecraft:oak_log":57,"minecraft:dirt":39,"luminousworld:grassvariant_3":11,"minecraft:oak_leaves":20,"alexscaves:spelunkery_table":1,"iceandfire:silver_ore":1,"luminousworld:grassvariant_4":6,"luminousworld:blue_petunias":1,"luminousworld:grassvariant_2":16,"minecraft:spruce_leaves":7,"minecraft:hay_block":23,"minecraft:oak_trapdoor":1,"minecraft:furnace":1,"minecraft:carrots":4,"minecraft:andesite":1,"minecraft:bookshelf":14,"minecraft:potatoes":1,"minecraft:vine":5,"minecraft:stone":63,"minecraft:oak_slab":1,"minecraft:dandelion":1,"minecraft:oak_fence":2,"minecraft:crafting_table":2,"ecologics:walnut_leaves":1,"minecraft:copper_ore":10,"minecraft:tall_grass":17,"minecraft:spruce_stairs":1,"minecraft:birch_leaves":1,"iceandfire:ash":6,"minecraft:yellow_bed":2,"minecraft:coal_ore":47,"minecraft:gravel":11,"minecraft:cobweb":11,"minecraft:stone_bricks":12},"minecraft:dropped":{"minecraft:iron_sword":1,"minecraft:porkchop":1,"minecraft:dark_oak_stairs":1,"minecraft:lapis_lazuli":6,"ecologics:coconut_slice":2,"iceandfire:ectoplasm":1,"minecraft:emerald":3,"artifacts:night_vision_goggles":2,"minecraft:dirt":40,"minecraft:stone_button":1,"minecraft:tnt_minecart":1,"iceandfire:armor_copper_metal_boots":2,"minecraft:gold_nugget":1,"minecraft:iron_pickaxe":1,"minecraft:bone":1,"minecraft:oak_door":1,"minecraft:iron_nugget":9,"minecraft:cobbled_deepslate":2,"minecraft:wheat":2,"undead_revamp2:arapholia":1,"minecraft:rotten_flesh":12,"minecraft:white_bed":1,"minecraft:poppy":1,"luminousworld:grassflowers":1,"ecologics:coconut_husk":8,"iceandfire:armor_copper_metal_leggings":3,"minecraft:iron_ingot":6,"minecraft:wheat_seeds":161,"minecraft:oak_fence":1,"iceandfire:armor_copper_metal_chestplate":1,"minecraft:spruce_stairs":1,"tombstone:grave_key":2,"minecraft:rose_bush":7,"minecraft:string":1,"minecraft:spruce_sapling":1,"minecraft:dandelion":2,"minecraft:oak_trapdoor":1,"minecraft:raw_copper":12,"iceandfire:armor_copper_metal_helmet":1,"luminousworld:yellow_grassflowers":1,"minecraft:filled_map":1,"alexscaves:radgill":1,"minecraft:potato":4,"iceandfire:copper_sword":2,"minecraft:peony":11,"minecraft:spruce_planks":5,"minecraft:andesite":1,"minecraft:oak_sapling":1,"minecraft:stone_bricks":2,"minecraft:wooden_pickaxe":2},"minecraft:picked_up":{"minecraft:seagrass":2,"minecraft:iron_chestplate":2,"minecraft:wheat":108,"alexscaves:radgill":1,"iceandfire:copper_sword":1,"minecraft:prismarine_shard":1,"iceandfire:armor_copper_metal_chestplate":1,"alexscaves:cave_tablet":1,"minecraft:oak_stairs":1,"tombstone:grave_key":2,"iceandfire:manuscript":1,"minecraft:string":14,"minecraft:raw_copper":35,"minecraft:iron_leggings":1,"minecraft:experience_bottle":1,"minecraft:tnt_minecart":1,"minecraft:gold_nugget":448,"minecraft:cobbled_deepslate":4,"minecraft:spruce_planks":12,"minecraft:rose_bush":7,"minecraft:iron_pickaxe":1,"minecraft:coal_block":1,"minecraft:furnace":1,"minecraft:iron_boots":1,"minecraft:stick":2,"ecologics:walnut_log":5,"iceandfire:armor_copper_metal_leggings":3,"minecraft:oak_fence":3,"minecraft:torch":4,"minecraft:spruce_stairs":1,"minecraft:porkchop":20,"tombstone:grave_dust":10,"luminousworld:grassflowers":1,"minecraft:stone_sword":1,"minecraft:rotten_flesh":10,"luminousworld:yellow_grassflowers":1,"supplementaries:ash":7,"alexsmobs:flying_fish":1,"minecraft:cobblestone":112,"minecraft:nautilus_shell":1,"minecraft:birch_log":6,"minecraft:feather":2,"minecraft:cooked_beef":6,"minecraft:andesite":1,"minecraft:smoker":1,"minecraft:potato":5,"minecraft:flint":3,"minecraft:lapis_lazuli":6,"minecraft:dirt":92,"minecraft:lantern":1,"born_in_chaos_v1:monster_skin":3,"minecraft:bone":9,"minecraft:bow":1,"minecraft:wheat_seeds":325,"minecraft:rabbit":1,"minecraft:oak_planks":7,"minecraft:cooked_porkchop":2,"minecraft:sand":1,"minecraft:mossy_cobblestone":4,"minecraft:iron_hoe":1,"minecraft:diamond":1,"iceandfire:lectern":1,"minecraft:chainmail_helmet":2,"minecraft:bread":41,"minecraft:emerald":5,"born_in_chaos_v1:rotten_fish":1,"minecraft:oak_sapling":4,"iceandfire:raw_silver":1,"luminousworld:groundpebbles_1":2,"minecraft:crafting_table":3,"artifacts:night_vision_goggles":3,"minecraft:wooden_pickaxe":1,"minecraft:shield":1,"aether:leather_gloves":1,"minecraft:oak_trapdoor":1,"minecraft:beef":14,"minecraft:iron_nugget":33,"minecraft:poppy":1,"minecraft:chest":1,"minecraft:raw_iron":35,"minecraft:oak_door":2,"ecologics:coconut_slice":10,"minecraft:stone_button":3,"iceandfire:armor_copper_metal_boots":1,"minecraft:carrot":12,"minecraft:tnt":5,"minecraft:arrow":5,"minecraft:peony":11,"minecraft:hay_block":21,"alexscaves:spelunkery_table":1,"minecraft:gold_ingot":9,"minecraft:mutton":2,"minecraft:white_wool":1,"minecraft:rail":1,"born_in_chaos_v1:corpse_maggot":3,"born_in_chaos_v1:monster_flesh":3,"minecraft:leather":10,"minecraft:filled_map":1,"minecraft:oak_log":56,"iceandfire:ectoplasm":1,"minecraft:yellow_bed":3,"minecraft:gunpowder":5,"minecraft:stone_bricks":13,"minecraft:iron_ingot":16,"minecraft:stone_pickaxe":1,"tombstone:bag_of_seeds":1,"minecraft:iron_sword":4,"minecraft:dark_oak_stairs":2,"minecraft:book":42,"minecraft:dark_oak_slab":10,"iceandfire:ash":2,"minecraft:dandelion":2,"minecraft:gravel":8,"minecraft:spruce_sapling":1,"minecraft:white_bed":3,"minecraft:leather_helmet":1,"minecraft:stone_axe":1,"minecraft:chainmail_leggings":1,"minecraft:iron_helmet":1,"minecraft:coal":64},"minecraft:broken":{"minecraft:iron_boots":1,"minecraft:iron_chestplate":1,"minecraft:stone_pickaxe":1,"minecraft:iron_sword":1,"minecraft:stone_sword":1,"minecraft:iron_helmet":1},"minecraft:custom":{"minecraft:interact_with_crafting_table":61,"minecraft:open_barrel":15,"minecraft:leave_game":9,"minecraft:time_since_death":80079,"minecraft:sprint_one_cm":1393442,"minecraft:damage_blocked_by_shield":925,"minecraft:drop":124,"minecraft:talked_to_villager":8,"minecraft:play_time":550353,"minecraft:deaths":27,"minecraft:jump":9914,"minecraft:walk_on_water_one_cm":217140,"minecraft:interact_with_furnace":42,"minecraft:interact_with_loom":7,"minecraft:sleep_in_bed":22,"minecraft:damage_dealt":11691,"minecraft:player_kills":2,"minecraft:crouch_one_cm":30678,"tombstone:undead_killed":28,"minecraft:interact_with_smoker":3,"minecraft:mob_kills":66,"minecraft:damage_dealt_resisted":795,"minecraft:climb_one_cm":33994,"minecraft:walk_one_cm":1744088,"minecraft:sneak_time":12783,"minecraft:walk_under_water_one_cm":42903,"minecraft:boat_one_cm":90990,"minecraft:interact_with_blast_furnace":1,"minecraft:total_world_time":550353,"tombstone:raider_killed":2,"minecraft:time_since_rest":59415,"minecraft:damage_taken":2147483647,"minecraft:trigger_trapped_chest":1,"minecraft:swim_one_cm":82142,"minecraft:fly_one_cm":876158,"minecraft:open_chest":145,"minecraft:fall_one_cm":118973},"minecraft:killed_by":{"undead_revamp2:sucker":3,"undead_revamp2:the_moonflower":1,"iceandfire:siren":1,"born_in_chaos_v1:supreme_bonescaller":1,"born_in_chaos_v1:bone_imp_minion":1,"enemyexpansion:meature":1,"minecraft:cave_spider":1,"minecraft:zombie":2,"iceandfire:fire_dragon":1,"minecraft:player":1,"undead_revamp2:thespitter":1,"iceandfire:gorgon":1,"minecraft:skeleton":2,"iceandfire:ghost":7},"minecraft:killed":{"minecraft:spider":1,"undead_revamp2:thesmoker":1,"undead_revamp2:theswarmer":1,"minecraft:skeleton":6,"earthmobsmod:zombified_rabbit":1,"minecraft:silverfish":3,"born_in_chaos_v1:supreme_bonescaller_stage_2":1,"minecraft:pig":11,"earthmobsmod:lobber_zombie":1,"minecraft:sheep":1,"minecraft:pillager":1,"minecraft:zombie":2,"born_in_chaos_v1:dread_hound":2,"minecraft:cow":6,"enemyexpansion:direwolf":2,"born_in_chaos_v1:maggot":2,"minecraft:drowned":2,"undead_revamp2:sucker":1,"alexsmobs:flying_fish":1,"born_in_chaos_v1:bone_imp_minion":7,"undead_revamp2:the_moonflower":3,"enemyexpansion:sprinter":1,"undead_revamp2:thesomnolence":1,"iceandfire:ghost":1},"minecraft:crafted":{"minecraft:oak_planks":108,"minecraft:cooked_mutton":2,"iceandfire:armor_copper_metal_boots":1,"iceandfire:armor_copper_metal_chestplate":1,"sophisticatedbackpacks:backpack":2,"minecraft:cooked_porkchop":10,"minecraft:crafting_table":3,"minecraft:wooden_pickaxe":1,"minecraft:copper_ingot":28,"iceandfire:copper_sword":1,"minecraft:iron_chestplate":1,"minecraft:shield":2,"minecraft:stick":24,"quark:oak_chest":6,"minecraft:iron_ingot":37,"minecraft:iron_pickaxe":3,"minecraft:gold_ingot":49,"minecraft:oak_door":3,"minecraft:furnace":1,"iceandfire:armor_copper_metal_leggings":1,"iceandfire:armor_copper_metal_helmet":1,"minecraft:stone_pickaxe":2,"minecraft:wheat":63,"sophisticatedbackpacks:iron_backpack":2,"minecraft:cooked_beef":11,"minecraft:iron_sword":2,"sophisticatedbackpacks:gold_backpack":1,"minecraft:stone_axe":1,"minecraft:bread":59,"minecraft:air":0,"minecraft:oak_boat":1,"minecraft:wooden_axe":1,"minecraft:iron_leggings":1,"minecraft:torch":16}},"DataVersion":3465}