{"stats":{"minecraft:used":{"minecraft:oak_fence":1,"iceandfire:armor_copper_metal_leggings":1,"minecraft:stone_pickaxe":74,"minecraft:wooden_pickaxe":20,"iceandfire:armor_copper_metal_boots":1,"minecraft:dirt":23,"iceandfire:copper_sword":9,"minecraft:crafting_table":3,"minecraft:white_bed":1,"minecraft:wooden_axe":29,"iceandfire:armor_copper_metal_chestplate":1,"minecraft:apple":6,"minecraft:bread":17,"minecraft:gravel":5,"minecraft:stone_axe":10,"minecraft:oak_sapling":3,"minecraft:furnace":1,"iceandfire:armor_copper_metal_helmet":1,"minecraft:birch_log":1,"tombstone:gift":2,"minecraft:yellow_bed":1,"alexsmobs:animal_dictionary":2,"minecraft:potato":2},"minecraft:mined":{"minecraft:dandelion":1,"minecraft:oak_fence":1,"minecraft:crafting_table":2,"minecraft:grass_block":18,"minecraft:copper_ore":10,"minecraft:tall_grass":2,"minecraft:hay_block":7,"minecraft:furnace":1,"minecraft:birch_log":5,"minecraft:wheat":11,"minecraft:yellow_bed":2,"minecraft:grass":10,"minecraft:potatoes":1,"minecraft:oak_log":12,"minecraft:gravel":6,"minecraft:dirt":26,"minecraft:stone":52},"minecraft:dropped":{"minecraft:wheat_seeds":67,"minecraft:raw_copper":12,"minecraft:rotten_flesh":3,"minecraft:white_bed":1,"luminousworld:yellow_grassflowers":1,"minecraft:poppy":1,"minecraft:dirt":40,"minecraft:peony":11,"tombstone:grave_key":1,"minecraft:rose_bush":7,"minecraft:string":1,"minecraft:dandelion":2},"minecraft:picked_up":{"minecraft:birch_log":6,"minecraft:iron_chestplate":1,"minecraft:crafting_table":3,"minecraft:wheat":39,"minecraft:potato":2,"minecraft:flint":1,"minecraft:oak_log":12,"tombstone:grave_key":1,"minecraft:yellow_bed":3,"minecraft:dirt":63,"minecraft:string":1,"minecraft:lantern":1,"minecraft:raw_copper":35,"minecraft:iron_leggings":1,"minecraft:wheat_seeds":115,"minecraft:rose_bush":7,"minecraft:poppy":1,"minecraft:iron_boots":1,"minecraft:furnace":1,"minecraft:oak_fence":1,"minecraft:dandelion":2,"minecraft:gravel":5,"minecraft:porkchop":10,"tombstone:grave_dust":2,"minecraft:carrot":1,"minecraft:white_bed":3,"minecraft:rotten_flesh":1,"luminousworld:yellow_grassflowers":1,"minecraft:peony":11,"minecraft:iron_helmet":1,"minecraft:hay_block":6,"minecraft:bread":8,"minecraft:oak_sapling":3,"minecraft:coal":13,"minecraft:cobblestone":52},"minecraft:killed_by":{"minecraft:player":1,"undead_revamp2:sucker":2,"enemyexpansion:meature":1},"minecraft:custom":{"minecraft:interact_with_furnace":17,"minecraft:mob_kills":9,"tombstone:raider_killed":1,"minecraft:interact_with_crafting_table":17,"minecraft:leave_game":7,"minecraft:time_since_death":12219,"minecraft:sleep_in_bed":9,"minecraft:climb_one_cm":424,"minecraft:time_since_rest":11076,"minecraft:sprint_one_cm":209374,"minecraft:damage_taken":2529,"minecraft:walk_one_cm":381464,"minecraft:drop":43,"minecraft:damage_dealt":1448,"minecraft:swim_one_cm":19049,"minecraft:talked_to_villager":5,"minecraft:fly_one_cm":119233,"minecraft:player_kills":1,"minecraft:open_chest":3,"minecraft:crouch_one_cm":3951,"minecraft:play_time":149057,"tombstone:undead_killed":2,"minecraft:deaths":6,"minecraft:sneak_time":1788,"minecraft:walk_under_water_one_cm":13923,"minecraft:jump":1537,"minecraft:walk_on_water_one_cm":43504,"minecraft:total_world_time":149057,"minecraft:fall_one_cm":30579},"minecraft:killed":{"minecraft:pig":6,"born_in_chaos_v1:maggot":1,"minecraft:zombie":1,"minecraft:drowned":1},"minecraft:crafted":{"minecraft:oak_planks":48,"minecraft:crafting_table":1,"minecraft:wooden_pickaxe":1,"minecraft:furnace":1,"iceandfire:armor_copper_metal_leggings":1,"minecraft:copper_ingot":28,"iceandfire:copper_sword":1,"minecraft:stone_axe":1,"iceandfire:armor_copper_metal_helmet":1,"minecraft:bread":22,"minecraft:air":0,"iceandfire:armor_copper_metal_boots":1,"minecraft:stick":16,"iceandfire:armor_copper_metal_chestplate":1,"minecraft:stone_pickaxe":1,"minecraft:wooden_axe":1,"minecraft:torch":16,"minecraft:wheat":27}},"DataVersion":3465}