{"stats":{"minecraft:used":{"minecraft:oak_fence":1,"minecraft:wooden_axe":29,"minecraft:apple":6,"minecraft:stone_pickaxe":27,"minecraft:bread":4,"minecraft:wooden_pickaxe":20,"minecraft:stone_axe":5,"minecraft:dirt":14,"minecraft:crafting_table":2,"minecraft:oak_sapling":3,"minecraft:birch_log":1,"minecraft:white_bed":1,"alexsmobs:animal_dictionary":2,"minecraft:potato":2},"minecraft:mined":{"minecraft:hay_block":4,"minecraft:birch_log":5,"minecraft:dandelion":1,"minecraft:yellow_bed":1,"minecraft:oak_fence":1,"minecraft:grass":6,"minecraft:potatoes":1,"minecraft:grass_block":11,"minecraft:oak_log":12,"minecraft:dirt":3,"minecraft:tall_grass":2,"minecraft:stone":47},"minecraft:dropped":{"minecraft:dirt":20,"minecraft:wheat_seeds":1,"minecraft:rotten_flesh":1,"minecraft:white_bed":1,"minecraft:dandelion":1},"minecraft:picked_up":{"minecraft:birch_log":6,"minecraft:crafting_table":1,"minecraft:oak_fence":1,"minecraft:dandelion":2,"minecraft:potato":1,"minecraft:porkchop":10,"minecraft:oak_log":12,"minecraft:white_bed":3,"minecraft:yellow_bed":2,"minecraft:dirt":34,"minecraft:rotten_flesh":1,"minecraft:wheat_seeds":2,"minecraft:hay_block":3,"minecraft:bread":8,"minecraft:oak_sapling":3,"minecraft:cobblestone":46},"minecraft:killed_by":{"undead_revamp2:sucker":2,"enemyexpansion:meature":1},"minecraft:custom":{"minecraft:time_since_rest":4494,"minecraft:sprint_one_cm":124704,"minecraft:damage_taken":1300,"minecraft:walk_one_cm":243574,"minecraft:mob_kills":8,"minecraft:drop":24,"minecraft:damage_dealt":911,"minecraft:interact_with_crafting_table":4,"minecraft:swim_one_cm":14185,"minecraft:talked_to_villager":5,"minecraft:player_kills":1,"minecraft:fly_one_cm":64561,"minecraft:open_chest":3,"minecraft:crouch_one_cm":3552,"minecraft:play_time":104139,"tombstone:undead_killed":1,"minecraft:deaths":4,"minecraft:sneak_time":1506,"minecraft:walk_under_water_one_cm":9295,"minecraft:jump":878,"minecraft:leave_game":5,"minecraft:time_since_death":44866,"minecraft:walk_on_water_one_cm":31384,"minecraft:sleep_in_bed":7,"minecraft:climb_one_cm":424,"minecraft:total_world_time":104139,"minecraft:fall_one_cm":16095},"minecraft:killed":{"minecraft:pig":6,"minecraft:drowned":1,"born_in_chaos_v1:maggot":1},"minecraft:crafted":{"minecraft:oak_planks":48,"minecraft:crafting_table":1,"minecraft:stick":8,"minecraft:wooden_pickaxe":1,"minecraft:stone_pickaxe":1,"minecraft:wooden_axe":1,"minecraft:stone_axe":1,"minecraft:bread":9,"minecraft:wheat":27}},"DataVersion":3465}