{"stats":{"minecraft:used":{"minecraft:oak_fence":1,"minecraft:stone_sword":155,"iceandfire:armor_copper_metal_leggings":2,"minecraft:shield":4,"minecraft:iron_sword":207,"minecraft:oak_door":2,"minecraft:iron_chestplate":1,"minecraft:torch":15,"iceandfire:armor_copper_metal_boots":2,"minecraft:dirt":35,"iceandfire:copper_sword":53,"minecraft:carrot":13,"minecraft:iron_hoe":1,"minecraft:wooden_axe":29,"minecraft:iron_helmet":1,"alexscaves:spelunkery_table":1,"iceandfire:armor_copper_metal_helmet":2,"minecraft:oak_sapling":3,"minecraft:furnace":2,"tombstone:gift":3,"minecraft:potato":3,"minecraft:wheat_seeds":90,"minecraft:cooked_mutton":2,"minecraft:dark_oak_stairs":1,"minecraft:stone_pickaxe":124,"minecraft:wooden_pickaxe":20,"minecraft:white_wool":1,"minecraft:crafting_table":6,"minecraft:white_bed":1,"minecraft:smoker":1,"alexsmobs:flying_fish":1,"minecraft:oak_log":6,"minecraft:apple":6,"iceandfire:armor_copper_metal_chestplate":2,"minecraft:iron_pickaxe":1,"minecraft:bread":48,"minecraft:gravel":5,"ecologics:coconut_slice":4,"minecraft:stone_axe":89,"minecraft:cobblestone":42,"minecraft:cooked_porkchop":9,"minecraft:birch_log":1,"quark:oak_chest":2,"minecraft:yellow_bed":3,"minecraft:oak_boat":1,"alexsmobs:animal_dictionary":2},"minecraft:mined":{"alexscaves:spelunkery_table":1,"minecraft:spruce_planks":5,"luminousworld:yellowpetunias":1,"iceandfire:silver_ore":1,"luminousworld:grassvariant_4":6,"luminousworld:blue_petunias":1,"placeablesmod:potato_block_1":1,"minecraft:grass_block":42,"luminousworld:grassvariant_2":13,"minecraft:spruce_leaves":7,"minecraft:hay_block":18,"minecraft:furnace":1,"minecraft:carrots":3,"minecraft:iron_ore":1,"minecraft:dark_oak_stairs":1,"minecraft:bookshelf":14,"minecraft:potatoes":1,"minecraft:vine":2,"minecraft:oak_stairs":1,"ecologics:walnut_log":5,"minecraft:stone":60,"minecraft:oak_slab":1,"minecraft:dandelion":1,"minecraft:oak_fence":1,"minecraft:crafting_table":2,"ecologics:walnut_leaves":1,"minecraft:chest":1,"minecraft:tall_grass":16,"minecraft:copper_ore":10,"minecraft:cobblestone":10,"minecraft:oak_planks":6,"placeablesmod:bread_full_block":3,"minecraft:wall_torch":2,"minecraft:spruce_stairs":1,"placeablesmod:cooked_pork_block":2,"minecraft:birch_log":5,"minecraft:wheat":77,"minecraft:tnt":5,"minecraft:yellow_bed":2,"minecraft:grass":46,"minecraft:oak_log":51,"minecraft:coal_ore":27,"minecraft:gravel":9,"minecraft:dirt":32,"luminousworld:grassvariant_3":10,"minecraft:cobweb":7,"minecraft:oak_leaves":11},"minecraft:dropped":{"minecraft:iron_ingot":6,"minecraft:wheat_seeds":101,"iceandfire:ectoplasm":1,"minecraft:spruce_stairs":1,"minecraft:emerald":3,"artifacts:night_vision_goggles":2,"minecraft:dirt":40,"tombstone:grave_key":1,"minecraft:rose_bush":7,"minecraft:tnt_minecart":1,"minecraft:gold_nugget":1,"minecraft:string":1,"minecraft:spruce_sapling":1,"minecraft:dandelion":2,"minecraft:oak_door":1,"minecraft:iron_nugget":9,"minecraft:raw_copper":12,"undead_revamp2:arapholia":1,"minecraft:rotten_flesh":11,"minecraft:white_bed":1,"minecraft:filled_map":1,"luminousworld:yellow_grassflowers":1,"minecraft:poppy":1,"luminousworld:grassflowers":1,"iceandfire:copper_sword":2,"minecraft:peony":11,"minecraft:spruce_planks":1,"ecologics:coconut_husk":4,"minecraft:wooden_pickaxe":2},"minecraft:picked_up":{"minecraft:seagrass":2,"luminousworld:groundpebbles_1":2,"minecraft:crafting_table":3,"minecraft:iron_chestplate":2,"minecraft:wheat":86,"artifacts:night_vision_goggles":2,"iceandfire:copper_sword":1,"minecraft:prismarine_shard":1,"minecraft:wooden_pickaxe":1,"alexscaves:cave_tablet":1,"minecraft:oak_stairs":1,"tombstone:grave_key":1,"aether:leather_gloves":1,"iceandfire:manuscript":1,"minecraft:string":10,"minecraft:raw_copper":35,"minecraft:iron_leggings":1,"minecraft:tnt_minecart":1,"minecraft:gold_nugget":3,"minecraft:spruce_planks":5,"minecraft:beef":3,"minecraft:rose_bush":7,"minecraft:iron_nugget":33,"minecraft:poppy":1,"minecraft:chest":1,"minecraft:iron_boots":1,"minecraft:furnace":1,"minecraft:stick":2,"minecraft:raw_iron":1,"minecraft:oak_door":2,"ecologics:walnut_log":5,"ecologics:coconut_slice":4,"minecraft:oak_fence":1,"minecraft:torch":3,"minecraft:spruce_stairs":1,"minecraft:porkchop":19,"tombstone:grave_dust":9,"minecraft:carrot":9,"minecraft:tnt":5,"luminousworld:grassflowers":1,"minecraft:stone_sword":1,"minecraft:rotten_flesh":9,"luminousworld:yellow_grassflowers":1,"minecraft:peony":11,"minecraft:hay_block":17,"alexscaves:spelunkery_table":1,"minecraft:mutton":2,"alexsmobs:flying_fish":1,"minecraft:white_wool":1,"minecraft:cobblestone":69,"minecraft:nautilus_shell":1,"minecraft:birch_log":6,"born_in_chaos_v1:corpse_maggot":1,"born_in_chaos_v1:monster_flesh":3,"minecraft:leather":1,"minecraft:smoker":1,"minecraft:potato":5,"minecraft:filled_map":1,"minecraft:flint":2,"minecraft:oak_log":50,"iceandfire:ectoplasm":1,"minecraft:yellow_bed":3,"minecraft:gunpowder":2,"minecraft:lapis_lazuli":6,"minecraft:dirt":77,"minecraft:lantern":1,"born_in_chaos_v1:monster_skin":3,"minecraft:bone":3,"minecraft:wheat_seeds":254,"minecraft:iron_ingot":16,"minecraft:stone_pickaxe":1,"tombstone:bag_of_seeds":1,"minecraft:rabbit":1,"minecraft:iron_sword":2,"minecraft:oak_planks":5,"minecraft:dark_oak_stairs":1,"minecraft:book":42,"minecraft:cooked_porkchop":2,"minecraft:sand":1,"minecraft:dandelion":2,"minecraft:gravel":7,"minecraft:spruce_sapling":1,"minecraft:white_bed":3,"minecraft:leather_helmet":1,"minecraft:mossy_cobblestone":4,"minecraft:iron_hoe":1,"minecraft:diamond":1,"minecraft:stone_axe":1,"minecraft:iron_helmet":1,"minecraft:emerald":5,"minecraft:bread":19,"minecraft:chainmail_helmet":1,"minecraft:oak_sapling":3,"born_in_chaos_v1:rotten_fish":1,"minecraft:coal":40,"iceandfire:raw_silver":1},"minecraft:broken":{"minecraft:stone_sword":1,"minecraft:iron_boots":1,"minecraft:iron_chestplate":1,"minecraft:stone_pickaxe":1,"minecraft:iron_helmet":1},"minecraft:killed_by":{"undead_revamp2:sucker":3,"minecraft:player":1,"undead_revamp2:the_moonflower":1,"iceandfire:siren":1,"born_in_chaos_v1:supreme_bonescaller":1,"born_in_chaos_v1:bone_imp_minion":1,"enemyexpansion:meature":1,"undead_revamp2:thespitter":1,"iceandfire:gorgon":1,"minecraft:cave_spider":1,"minecraft:zombie":1,"iceandfire:ghost":6},"minecraft:custom":{"minecraft:mob_kills":42,"minecraft:interact_with_crafting_table":37,"minecraft:open_barrel":2,"minecraft:damage_dealt_resisted":795,"minecraft:leave_game":9,"minecraft:time_since_death":20771,"minecraft:climb_one_cm":20204,"minecraft:sprint_one_cm":808200,"minecraft:walk_one_cm":1154701,"minecraft:damage_blocked_by_shield":110,"minecraft:drop":84,"minecraft:talked_to_villager":5,"minecraft:play_time":364353,"minecraft:deaths":22,"minecraft:sneak_time":10102,"minecraft:walk_under_water_one_cm":37529,"minecraft:boat_one_cm":79290,"minecraft:jump":4645,"minecraft:walk_on_water_one_cm":134708,"minecraft:total_world_time":364353,"minecraft:interact_with_furnace":28,"tombstone:raider_killed":1,"minecraft:interact_with_loom":3,"minecraft:sleep_in_bed":17,"minecraft:time_since_rest":20611,"minecraft:damage_taken":2147483647,"minecraft:trigger_trapped_chest":1,"minecraft:damage_dealt":7258,"minecraft:swim_one_cm":45709,"minecraft:fly_one_cm":526370,"minecraft:player_kills":2,"minecraft:open_chest":51,"minecraft:crouch_one_cm":23435,"tombstone:undead_killed":20,"minecraft:interact_with_smoker":1,"minecraft:fall_one_cm":84134},"minecraft:killed":{"minecraft:spider":1,"undead_revamp2:thesmoker":1,"enemyexpansion:direwolf":2,"born_in_chaos_v1:maggot":2,"earthmobsmod:zombified_rabbit":1,"minecraft:drowned":2,"born_in_chaos_v1:supreme_bonescaller_stage_2":1,"undead_revamp2:sucker":1,"alexsmobs:flying_fish":1,"minecraft:pig":10,"born_in_chaos_v1:bone_imp_minion":7,"undead_revamp2:the_moonflower":3,"earthmobsmod:lobber_zombie":1,"minecraft:sheep":1,"undead_revamp2:thesomnolence":1,"born_in_chaos_v1:dread_hound":2,"minecraft:zombie":2,"iceandfire:ghost":1,"minecraft:cow":1},"minecraft:crafted":{"minecraft:oak_door":3,"minecraft:oak_planks":76,"minecraft:furnace":1,"iceandfire:armor_copper_metal_leggings":1,"minecraft:cooked_mutton":2,"iceandfire:armor_copper_metal_boots":1,"iceandfire:armor_copper_metal_helmet":1,"minecraft:stone_pickaxe":1,"iceandfire:armor_copper_metal_chestplate":1,"minecraft:wheat":27,"minecraft:cooked_porkchop":10,"minecraft:crafting_table":3,"minecraft:wooden_pickaxe":1,"minecraft:iron_sword":2,"minecraft:copper_ingot":28,"iceandfire:copper_sword":1,"minecraft:stone_axe":1,"minecraft:bread":41,"minecraft:air":0,"minecraft:oak_boat":1,"minecraft:shield":1,"minecraft:stick":24,"quark:oak_chest":2,"minecraft:iron_pickaxe":1,"minecraft:iron_ingot":3,"minecraft:wooden_axe":1,"minecraft:torch":16}},"DataVersion":3465}