{"stats":{"minecraft:picked_up":{"minecraft:birch_log":1},"minecraft:custom":{"minecraft:jump":41,"minecraft:time_since_rest":10327,"minecraft:sprint_one_cm":1358,"minecraft:damage_dealt":10,"minecraft:crouch_one_cm":132,"minecraft:leave_game":2,"minecraft:play_time":10327,"minecraft:damage_taken":85,"minecraft:time_since_death":10327,"minecraft:walk_one_cm":7861,"minecraft:sneak_time":55,"minecraft:total_world_time":10327,"minecraft:fall_one_cm":484,"minecraft:fly_one_cm":1802},"minecraft:used":{"minecraft:birch_log":1,"alexsmobs:animal_dictionary":1},"minecraft:mined":{"minecraft:birch_log":1}},"DataVersion":3465}