{"stats":{"minecraft:broken":{"minecraft:iron_boots":3,"minecraft:iron_chestplate":3,"minecraft:iron_leggings":2,"minecraft:stone_pickaxe":2,"minecraft:iron_sword":2,"minecraft:wooden_axe":1,"minecraft:leather_helmet":1,"minecraft:stone_sword":1,"minecraft:iron_helmet":1},"minecraft:killed_by":{"undead_revamp2:sucker":3,"undead_revamp2:the_moonflower":1,"born_in_chaos_v1:nightmare_stalker":1,"iceandfire:siren":1,"born_in_chaos_v1:supreme_bonescaller":1,"born_in_chaos_v1:bone_imp_minion":1,"enemyexpansion:meature":1,"iceandfire:sea_serpent":2,"minecraft:cave_spider":1,"minecraft:zombie":2,"born_in_chaos_v1:firelight_not_despawn":1,"iceandfire:fire_dragon":2,"minecraft:player":1,"born_in_chaos_v1:firelight":1,"undead_revamp2:thespitter":1,"iceandfire:gorgon":2,"minecraft:skeleton":3,"iceandfire:ghost":8},"minecraft:used":{"aether:ambrosium_torch":5,"minecraft:shield":72,"minecraft:iron_sword":842,"minecraft:iron_chestplate":4,"minecraft:mutton":6,"minecraft:carrot":31,"minecraft:tuff":6,"minecraft:obsidian":13,"minecraft:lava_bucket":9,"minecraft:lantern":1,"minecraft:iron_helmet":4,"minecraft:oak_sapling":3,"minecraft:furnace":2,"minecraft:potato":3,"minecraft:dark_oak_sapling":1,"minecraft:dark_oak_stairs":1,"minecraft:diorite":4,"minecraft:stone_pickaxe":321,"minecraft:oak_planks":2,"minecraft:wooden_pickaxe":20,"minecraft:white_wool":1,"iceandfire:armor_copper_metal_chestplate":2,"minecraft:bread":177,"minecraft:gravel":10,"ecologics:coconut_slice":8,"minecraft:soul_lantern":4,"minecraft:birch_log":1,"minecraft:oak_boat":9,"minecraft:experience_bottle":1,"minecraft:oak_fence":2,"quark:birch_chest":1,"minecraft:rose_bush":1,"minecraft:stone_sword":155,"minecraft:flint_and_steel":1,"iceandfire:armor_copper_metal_leggings":2,"minecraft:armor_stand":2,"minecraft:oak_door":3,"minecraft:torch":33,"iceandfire:armor_copper_metal_boots":2,"minecraft:dirt":54,"iceandfire:copper_sword":53,"minecraft:diamond_helmet":1,"minecraft:iron_hoe":1,"minecraft:wooden_axe":76,"minecraft:iron_boots":4,"alexscaves:spelunkery_table":1,"minecraft:glowstone":14,"minecraft:beef":2,"iceandfire:armor_copper_metal_helmet":2,"tombstone:gift":7,"minecraft:cooked_beef":14,"minecraft:cobbled_deepslate":16,"minecraft:pointed_dripstone":1,"minecraft:iron_leggings":6,"minecraft:wheat_seeds":101,"minecraft:cooked_mutton":2,"minecraft:water_bucket":19,"aether:berry_bush_stem":4,"minecraft:birch_boat":1,"luminousworld:ishstone":1,"minecraft:rail":1,"minecraft:crafting_table":9,"minecraft:white_bed":1,"alexsmobs:flying_fish":1,"minecraft:smoker":1,"aether:blue_berry":2,"minecraft:oak_log":6,"minecraft:diamond_pickaxe":23,"minecraft:apple":16,"minecraft:iron_pickaxe":217,"minecraft:leather_helmet":1,"minecraft:stone_axe":94,"minecraft:cobblestone":251,"aether:golden_parachute":3,"minecraft:turtle_helmet":1,"minecraft:cooked_porkchop":9,"minecraft:bucket":27,"minecraft:pumpkin_pie":13,"minecraft:yellow_bed":3,"quark:oak_chest":6,"alexsmobs:animal_dictionary":2},"minecraft:crafted":{"minecraft:oak_planks":180,"quark:birch_chest":1,"minecraft:birch_boat":1,"hangglider:hang_glider":1,"sophisticatedbackpacks:crafting_upgrade":1,"minecraft:cooked_mutton":2,"iceandfire:armor_copper_metal_boots":1,"iceandfire:armor_copper_metal_chestplate":1,"sophisticatedbackpacks:backpack":2,"minecraft:cooked_porkchop":10,"minecraft:crafting_table":7,"minecraft:wooden_pickaxe":1,"minecraft:copper_ingot":28,"minecraft:birch_planks":20,"iceandfire:copper_sword":1,"sophisticatedbackpacks:upgrade_base":1,"minecraft:iron_chestplate":2,"minecraft:diamond_pickaxe":1,"minecraft:shield":2,"minecraft:stick":32,"quark:oak_chest":9,"minecraft:iron_ingot":37,"minecraft:iron_pickaxe":3,"minecraft:gold_ingot":49,"hangglider:glider_framework":1,"minecraft:oak_door":3,"minecraft:furnace":1,"iceandfire:armor_copper_metal_leggings":1,"hangglider:glider_wing":2,"iceandfire:armor_copper_metal_helmet":1,"minecraft:flint_and_steel":1,"luminousworld:white_oak_plank":20,"minecraft:stone_pickaxe":2,"minecraft:wheat":63,"sophisticatedbackpacks:iron_backpack":2,"minecraft:cooked_beef":20,"minecraft:iron_sword":3,"sophisticatedbackpacks:gold_backpack":1,"minecraft:stone_axe":1,"minecraft:glowstone":30,"minecraft:bread":85,"minecraft:air":0,"minecraft:oak_boat":7,"minecraft:wooden_axe":2,"minecraft:iron_leggings":2,"minecraft:torch":16},"minecraft:picked_up":{"minecraft:seagrass":2,"minecraft:iron_chestplate":7,"minecraft:wheat":157,"alexscaves:radgill":1,"iceandfire:copper_sword":1,"minecraft:prismarine_shard":1,"iceandfire:armor_copper_metal_chestplate":1,"earthmobsmod:fancy_egg":1,"alexscaves:cave_tablet":1,"minecraft:oak_stairs":2,"minecraft:turtle_egg":1,"minecraft:enchanted_book":1,"tombstone:grave_key":3,"iceandfire:manuscript":1,"minecraft:string":25,"minecraft:waxed_cut_copper_slab":1,"minecraft:soul_soil":1,"minecraft:raw_copper":37,"minecraft:iron_leggings":6,"minecraft:armor_stand":6,"minecraft:experience_bottle":1,"minecraft:shroomlight":3,"minecraft:beetroot":3,"minecraft:tnt_minecart":1,"minecraft:gold_nugget":448,"minecraft:cobbled_deepslate":22,"minecraft:spruce_planks":12,"quark:cyan_shard":4,"minecraft:rose_bush":8,"minecraft:calcite":6,"quark:black_shard":11,"minecraft:iron_pickaxe":2,"minecraft:deepslate_tile_wall":1,"hangglider:hang_glider":2,"minecraft:coal_block":7,"minecraft:iron_boots":6,"minecraft:furnace":1,"minecraft:stick":6,"ecologics:walnut_log":5,"iceandfire:armor_copper_metal_leggings":3,"minecraft:oak_fence":11,"minecraft:torch":8,"ecologics:coconut_seedling":1,"minecraft:spruce_stairs":1,"minecraft:porkchop":20,"minecraft:pointed_dripstone":11,"tombstone:grave_dust":12,"minecraft:diorite":7,"minecraft:waxed_cut_copper_stairs":1,"luminousworld:grassflowers":9,"minecraft:stone_sword":1,"minecraft:mangrove_stairs":1,"minecraft:rotten_flesh":40,"luminousworld:yellow_grassflowers":1,"minecraft:tropical_fish":1,"supplementaries:ash":31,"minecraft:obsidian":15,"undead_revamp2:arapholia":2,"alexsmobs:flying_fish":1,"minecraft:cobblestone":244,"minecraft:nautilus_shell":1,"minecraft:birch_log":11,"minecraft:feather":2,"minecraft:cooked_beef":7,"minecraft:birch_slab":2,"minecraft:water_bucket":1,"minecraft:andesite":1,"minecraft:black_bed":1,"minecraft:smoker":1,"minecraft:potato":9,"minecraft:flint":4,"minecraft:tuff":11,"luminousworld:purple_petunias":2,"minecraft:lapis_lazuli":6,"minecraft:dirt":105,"minecraft:lantern":4,"born_in_chaos_v1:monster_skin":3,"born_in_chaos_v1:marigolds":5,"minecraft:bone":18,"minecraft:bow":2,"minecraft:wheat_seeds":496,"aether:holystone":4,"aether:cold_aercloud":4,"minecraft:rabbit":1,"minecraft:glowstone_dust":120,"minecraft:moss_block":1,"minecraft:oak_planks":9,"minecraft:cooked_porkchop":2,"iceandfire:pixie_house_birch":1,"minecraft:sand":1,"minecraft:dark_oak_log":2,"minecraft:mossy_cobblestone":4,"minecraft:bundle":2,"minecraft:iron_hoe":1,"born_in_chaos_v1:fire_dust":2,"minecraft:diamond":1,"iceandfire:lectern":1,"minecraft:soul_lantern":4,"aether:ambrosium_shard":13,"minecraft:chainmail_helmet":2,"minecraft:emerald":5,"minecraft:bread":119,"minecraft:oak_sapling":4,"born_in_chaos_v1:rotten_fish":1,"minecraft:netherrack":1,"iceandfire:raw_silver":1,"luminousworld:groundpebbles_1":4,"aether:aechor_petal":1,"minecraft:crafting_table":4,"minecraft:azure_bluet":2,"artifacts:night_vision_goggles":3,"minecraft:ladder":9,"aether:aether_dirt":8,"minecraft:wooden_pickaxe":1,"minecraft:shield":1,"aether:leather_gloves":1,"aether:blue_berry":8,"minecraft:oak_trapdoor":3,"minecraft:cyan_carpet":1,"minecraft:beef":27,"minecraft:oak_boat":3,"minecraft:player_head":1,"minecraft:iron_nugget":33,"minecraft:poppy":3,"minecraft:chest":2,"minecraft:dark_oak_sapling":1,"minecraft:raw_iron":35,"iceandfire:dragonbone":1,"minecraft:stripped_mangrove_wood":1,"luminousworld:blue_petunias":3,"minecraft:oak_door":3,"aether:golden_parachute":1,"ecologics:coconut_slice":12,"minecraft:copper_ingot":2,"artifacts:vampiric_glove":1,"minecraft:stone_button":13,"iceandfire:armor_copper_metal_boots":1,"minecraft:carrot":29,"minecraft:redstone":5,"minecraft:tnt":5,"minecraft:arrow":9,"minecraft:beetroot_seeds":7,"minecraft:peony":11,"minecraft:hay_block":21,"alexscaves:spelunkery_table":1,"tombstone:essence_of_undeath":1,"minecraft:gold_ingot":9,"minecraft:mutton":8,"minecraft:rail":1,"minecraft:white_wool":4,"born_in_chaos_v1:fused_bone":1,"born_in_chaos_v1:corpse_maggot":8,"born_in_chaos_v1:monster_flesh":3,"minecraft:magenta_banner":2,"luminousworld:ishstone":1,"minecraft:leather":18,"minecraft:filled_map":1,"minecraft:oak_log":65,"iceandfire:ectoplasm":2,"minecraft:golden_boots":1,"minecraft:yellow_bed":3,"minecraft:gunpowder":5,"minecraft:paper":4,"minecraft:white_banner":1,"minecraft:stone_bricks":33,"minecraft:gray_carpet":1,"minecraft:iron_ingot":16,"minecraft:stone_pickaxe":2,"tombstone:bag_of_seeds":1,"aether:berry_bush_stem":4,"minecraft:iron_sword":4,"minecraft:dark_oak_stairs":2,"minecraft:book":42,"enemyexpansion:phantom_eye":1,"minecraft:dark_oak_slab":12,"quark:white_shard":6,"minecraft:stone_brick_slab":2,"iceandfire:ash":3,"minecraft:quartz":6,"minecraft:dandelion":8,"luminousworld:sunset_petunias":2,"minecraft:gravel":16,"minecraft:spruce_sapling":1,"minecraft:blast_furnace":3,"minecraft:white_bed":3,"minecraft:spider_eye":1,"minecraft:leather_helmet":1,"luminousworld:whiteoaklog":5,"quark:cobblestone_bricks":1,"minecraft:slime_ball":1,"minecraft:stone_axe":1,"minecraft:chainmail_leggings":1,"minecraft:iron_helmet":6,"aether:blue_moa_egg":1,"minecraft:coal":67},"minecraft:dropped":{"minecraft:iron_sword":2,"aether:golden_parachute":2,"minecraft:porkchop":1,"minecraft:dark_oak_stairs":1,"minecraft:stripped_mangrove_wood":1,"minecraft:lapis_lazuli":6,"ecologics:coconut_slice":4,"minecraft:dark_oak_slab":2,"iceandfire:ectoplasm":1,"minecraft:birch_slab":2,"minecraft:emerald":3,"artifacts:night_vision_goggles":2,"minecraft:dirt":41,"minecraft:stone_button":1,"minecraft:tnt_minecart":1,"iceandfire:armor_copper_metal_boots":2,"minecraft:gold_nugget":1,"minecraft:iron_pickaxe":1,"minecraft:waxed_cut_copper_slab":1,"minecraft:armor_stand":4,"minecraft:bone":2,"minecraft:oak_door":1,"minecraft:waxed_cut_copper_stairs":1,"hangglider:hang_glider":2,"minecraft:iron_nugget":9,"minecraft:cobbled_deepslate":2,"minecraft:wheat":2,"undead_revamp2:arapholia":3,"minecraft:pointed_dripstone":10,"minecraft:rotten_flesh":42,"minecraft:oak_planks":4,"minecraft:azure_bluet":2,"minecraft:white_bed":1,"minecraft:poppy":3,"luminousworld:grassflowers":9,"born_in_chaos_v1:corpse_maggot":2,"ecologics:coconut_husk":8,"iceandfire:armor_copper_metal_leggings":3,"born_in_chaos_v1:marigolds":5,"minecraft:iron_ingot":6,"minecraft:bread":15,"luminousworld:sunset_petunias":2,"minecraft:wheat_seeds":302,"aether:cold_aercloud":4,"ecologics:coconut_seedling":1,"minecraft:oak_fence":9,"iceandfire:armor_copper_metal_chestplate":1,"minecraft:iron_helmet":1,"minecraft:cobblestone":30,"minecraft:spruce_stairs":1,"minecraft:turtle_egg":1,"tombstone:grave_key":5,"minecraft:rose_bush":7,"born_in_chaos_v1:fused_bone":1,"minecraft:iron_leggings":1,"minecraft:oak_stairs":1,"minecraft:string":1,"minecraft:gray_carpet":1,"minecraft:spruce_sapling":1,"minecraft:dandelion":7,"iceandfire:dragonbone":1,"minecraft:oak_trapdoor":1,"minecraft:raw_copper":12,"minecraft:iron_boots":1,"iceandfire:armor_copper_metal_helmet":1,"luminousworld:yellow_grassflowers":1,"minecraft:filled_map":1,"alexscaves:radgill":1,"minecraft:potato":4,"iceandfire:copper_sword":2,"minecraft:peony":11,"minecraft:spruce_planks":5,"minecraft:iron_chestplate":1,"luminousworld:groundpebbles_1":2,"minecraft:andesite":1,"minecraft:oak_boat":1,"minecraft:oak_sapling":1,"minecraft:spider_eye":1,"minecraft:stone_bricks":10,"minecraft:slime_ball":1,"luminousworld:blue_petunias":3,"minecraft:wooden_pickaxe":2,"luminousworld:purple_petunias":2},"minecraft:custom":{"minecraft:interact_with_crafting_table":90,"minecraft:open_barrel":23,"minecraft:bell_ring":1,"minecraft:eat_cake_slice":1,"minecraft:leave_game":13,"minecraft:time_since_death":5984,"minecraft:damage_resisted":24,"minecraft:sprint_one_cm":2327735,"minecraft:damage_blocked_by_shield":1520,"minecraft:drop":234,"minecraft:talked_to_villager":9,"minecraft:play_time":929370,"minecraft:deaths":37,"minecraft:jump":16134,"minecraft:walk_on_water_one_cm":313559,"minecraft:interact_with_furnace":48,"minecraft:interact_with_loom":8,"minecraft:sleep_in_bed":27,"minecraft:damage_dealt":23253,"minecraft:player_kills":2,"minecraft:crouch_one_cm":52080,"tombstone:undead_killed":53,"minecraft:interact_with_smoker":15,"minecraft:mob_kills":113,"minecraft:damage_dealt_resisted":795,"minecraft:climb_one_cm":54349,"minecraft:walk_one_cm":2899457,"minecraft:sneak_time":24935,"minecraft:walk_under_water_one_cm":74139,"minecraft:boat_one_cm":564492,"minecraft:interact_with_blast_furnace":1,"minecraft:total_world_time":929370,"tombstone:raider_killed":3,"minecraft:time_since_rest":5461,"minecraft:damage_taken":2147483647,"minecraft:trigger_trapped_chest":1,"minecraft:swim_one_cm":112563,"minecraft:fly_one_cm":1811688,"minecraft:open_chest":315,"minecraft:fall_one_cm":216124},"minecraft:killed":{"minecraft:cave_spider":2,"born_in_chaos_v1:zombie_lumberjack":1,"minecraft:spider":2,"undead_revamp2:thesmoker":1,"undead_revamp2:theswarmer":2,"minecraft:skeleton":11,"luminousworld:dark_oak_skeleton":1,"minecraft:silverfish":3,"earthmobsmod:zombified_rabbit":1,"undead_revamp2:therod":1,"born_in_chaos_v1:supreme_bonescaller_stage_2":1,"minecraft:pig":11,"born_in_chaos_v1:bone_imp":2,"earthmobsmod:lobber_zombie":1,"aether:sheepuff":3,"aether:aechor_plant":1,"minecraft:sheep":1,"minecraft:pillager":1,"minecraft:zombie":7,"born_in_chaos_v1:dread_hound":2,"enemyexpansion:botfly":1,"minecraft:cow":10,"earthmobsmod:hyper_rabbit":1,"aether:golden_swet":1,"enemyexpansion:direwolf":4,"born_in_chaos_v1:maggot":5,"minecraft:phantom":1,"minecraft:drowned":2,"undead_revamp2:sucker":1,"alexsmobs:flying_fish":1,"born_in_chaos_v1:barrel_zombie":1,"born_in_chaos_v1:bone_imp_minion":7,"quark:foxhound":1,"undead_revamp2:the_moonflower":5,"enemyexpansion:sprinter":2,"earthmobsmod:cream_cow":2,"undead_revamp2:thesomnolence":1,"iceandfire:ghost":5},"minecraft:mined":{"minecraft:dark_oak_planks":1,"minecraft:waxed_cut_copper_slab":1,"minecraft:spruce_planks":11,"aether:cold_aercloud":4,"luminousworld:yellowpetunias":1,"placeablesmod:potato_block_1":1,"minecraft:obsidian":16,"minecraft:deepslate_tile_wall":1,"minecraft:grass_block":52,"iceandfire:lectern":1,"minecraft:coal_block":6,"minecraft:spawner":9,"minecraft:glowstone":43,"minecraft:iron_ore":35,"minecraft:fire":7,"minecraft:dark_oak_stairs":2,"minecraft:pointed_dripstone":7,"iceandfire:gold_pile":44,"minecraft:dirt_path":5,"minecraft:oak_stairs":1,"ecologics:walnut_log":5,"minecraft:stripped_mangrove_wood":1,"minecraft:player_head":1,"minecraft:waxed_cut_copper_stairs":2,"aether:holystone":4,"luminousworld:purple_petunias":1,"minecraft:soul_lantern":3,"minecraft:torch":3,"quark:cobblestone_bricks":4,"minecraft:blast_furnace":3,"minecraft:calcite":7,"minecraft:chest":1,"minecraft:nether_quartz_ore":6,"minecraft:cobblestone":58,"minecraft:oak_planks":9,"placeablesmod:bread_full_block":3,"minecraft:wall_torch":4,"minecraft:seagrass":1,"placeablesmod:cooked_pork_block":2,"minecraft:dark_oak_slab":6,"minecraft:birch_log":10,"minecraft:wheat":190,"aether:aether_grass_block":1,"minecraft:tnt":5,"minecraft:black_bed":1,"minecraft:grass":93,"minecraft:oak_log":57,"minecraft:beetroots":3,"minecraft:dirt":44,"luminousworld:grassvariant_3":17,"luminousworld:palm_log":1,"aether:ambrosium_ore":8,"minecraft:netherrack":1,"minecraft:oak_leaves":27,"minecraft:deepslate":18,"alexscaves:spelunkery_table":1,"minecraft:tuff":9,"iceandfire:silver_ore":1,"luminousworld:grassvariant_4":6,"minecraft:oak_door":1,"luminousworld:blue_petunias":2,"iceandfire:pixie_house_birch":1,"minecraft:cyan_stained_glass":2,"luminousworld:grassvariant_2":22,"minecraft:soul_campfire":1,"minecraft:spruce_leaves":7,"minecraft:birch_slab":1,"minecraft:moss_block":1,"luminousworld:groundpebbles_3":1,"minecraft:hay_block":23,"minecraft:oak_trapdoor":1,"minecraft:redstone_ore":1,"aether:aether_dirt":5,"minecraft:furnace":1,"minecraft:carrots":8,"minecraft:andesite":1,"minecraft:bookshelf":14,"minecraft:potatoes":2,"minecraft:shroomlight":3,"minecraft:vine":8,"minecraft:stone":173,"minecraft:oak_slab":1,"minecraft:acacia_leaves":1,"minecraft:mangrove_stairs":2,"minecraft:dandelion":2,"minecraft:oak_fence":2,"minecraft:crafting_table":3,"ecologics:walnut_leaves":1,"minecraft:rose_bush":1,"luminousworld:grassflowers":1,"minecraft:copper_ore":10,"minecraft:tall_grass":21,"minecraft:diorite":7,"luminousworld:whiteoaklog":5,"minecraft:spruce_stairs":1,"minecraft:birch_leaves":8,"aether:berry_bush":4,"iceandfire:ash":6,"minecraft:yellow_bed":2,"minecraft:coal_ore":47,"luminousworld:ishstone":1,"minecraft:gravel":20,"minecraft:dripstone_block":1,"minecraft:gray_carpet":1,"minecraft:cobweb":13,"minecraft:stone_bricks":20,"aether:berry_bush_stem":4}},"DataVersion":3465}