{"stats":{"minecraft:used":{"minecraft:oak_fence":1,"minecraft:wooden_axe":29,"minecraft:apple":6,"minecraft:bread":1,"minecraft:dirt":13,"minecraft:crafting_table":2,"minecraft:oak_sapling":3,"minecraft:birch_log":1,"alexsmobs:animal_dictionary":2,"minecraft:potato":1},"minecraft:mined":{"minecraft:hay_block":4,"minecraft:birch_log":5,"minecraft:dandelion":1,"minecraft:yellow_bed":1,"minecraft:oak_fence":1,"minecraft:grass":6,"minecraft:grass_block":10,"minecraft:oak_log":12,"minecraft:dirt":3,"minecraft:tall_grass":2},"minecraft:dropped":{"minecraft:dirt":20,"minecraft:wheat_seeds":1,"minecraft:rotten_flesh":1,"minecraft:dandelion":1},"minecraft:picked_up":{"minecraft:birch_log":6,"minecraft:crafting_table":1,"minecraft:oak_fence":1,"minecraft:dandelion":2,"minecraft:porkchop":10,"minecraft:oak_log":12,"minecraft:white_bed":2,"minecraft:yellow_bed":1,"minecraft:dirt":33,"minecraft:rotten_flesh":1,"minecraft:wheat_seeds":2,"minecraft:hay_block":3,"minecraft:oak_sapling":3},"minecraft:killed_by":{"undead_revamp2:sucker":2,"enemyexpansion:meature":1},"minecraft:custom":{"minecraft:time_since_rest":7396,"minecraft:sprint_one_cm":93662,"minecraft:damage_taken":1280,"minecraft:walk_one_cm":172984,"minecraft:mob_kills":7,"minecraft:drop":23,"minecraft:damage_dealt":701,"minecraft:interact_with_crafting_table":2,"minecraft:swim_one_cm":11509,"minecraft:talked_to_villager":5,"minecraft:player_kills":1,"minecraft:fly_one_cm":51143,"minecraft:open_chest":3,"minecraft:crouch_one_cm":3352,"minecraft:play_time":80139,"minecraft:deaths":4,"minecraft:sneak_time":1423,"minecraft:walk_under_water_one_cm":7778,"minecraft:jump":690,"minecraft:leave_game":5,"minecraft:time_since_death":20866,"minecraft:walk_on_water_one_cm":22113,"minecraft:sleep_in_bed":4,"minecraft:climb_one_cm":424,"minecraft:total_world_time":80139,"minecraft:fall_one_cm":12242},"minecraft:killed":{"minecraft:pig":6,"born_in_chaos_v1:maggot":1},"minecraft:crafted":{"minecraft:oak_planks":48,"minecraft:crafting_table":1,"minecraft:stick":4,"minecraft:wooden_axe":1,"minecraft:bread":9,"minecraft:wheat":27}},"DataVersion":3465}