{"stats":{"minecraft:used":{"minecraft:oak_fence":1,"minecraft:wooden_axe":29,"minecraft:apple":6,"minecraft:stone_pickaxe":37,"minecraft:bread":11,"minecraft:wooden_pickaxe":20,"minecraft:stone_axe":10,"minecraft:dirt":19,"minecraft:crafting_table":2,"minecraft:oak_sapling":3,"alexsmobs:animal_dictionary":2,"minecraft:white_bed":1,"minecraft:birch_log":1,"tombstone:gift":2,"minecraft:potato":2},"minecraft:mined":{"minecraft:hay_block":4,"minecraft:birch_log":5,"minecraft:dandelion":1,"minecraft:oak_fence":1,"minecraft:yellow_bed":1,"minecraft:grass":7,"minecraft:grass_block":16,"minecraft:potatoes":1,"minecraft:oak_log":12,"minecraft:dirt":3,"minecraft:tall_grass":2,"minecraft:stone":47},"minecraft:dropped":{"minecraft:dirt":20,"minecraft:wheat_seeds":1,"minecraft:rotten_flesh":1,"minecraft:white_bed":1,"minecraft:dandelion":1},"minecraft:picked_up":{"minecraft:birch_log":6,"minecraft:crafting_table":1,"minecraft:oak_fence":1,"minecraft:dandelion":2,"minecraft:potato":1,"minecraft:porkchop":10,"minecraft:oak_log":12,"tombstone:grave_dust":2,"minecraft:yellow_bed":2,"minecraft:white_bed":3,"minecraft:dirt":39,"minecraft:rotten_flesh":1,"minecraft:wheat_seeds":2,"minecraft:hay_block":3,"minecraft:bread":8,"minecraft:oak_sapling":3,"minecraft:cobblestone":46},"minecraft:killed_by":{"undead_revamp2:sucker":2,"minecraft:player":1,"enemyexpansion:meature":1},"minecraft:custom":{"minecraft:time_since_rest":8203,"minecraft:sprint_one_cm":136242,"minecraft:damage_taken":1890,"minecraft:walk_one_cm":275442,"minecraft:mob_kills":9,"minecraft:drop":24,"tombstone:raider_killed":1,"minecraft:damage_dealt":1258,"minecraft:interact_with_crafting_table":4,"minecraft:swim_one_cm":15910,"minecraft:talked_to_villager":5,"minecraft:player_kills":1,"minecraft:fly_one_cm":71739,"minecraft:open_chest":3,"minecraft:crouch_one_cm":3552,"minecraft:play_time":113465,"tombstone:undead_killed":2,"minecraft:deaths":5,"minecraft:sneak_time":1555,"minecraft:walk_under_water_one_cm":9432,"minecraft:jump":1054,"minecraft:leave_game":7,"minecraft:time_since_death":8494,"minecraft:walk_on_water_one_cm":33117,"minecraft:sleep_in_bed":7,"minecraft:total_world_time":113465,"minecraft:climb_one_cm":424,"minecraft:fall_one_cm":19903},"minecraft:killed":{"minecraft:zombie":1,"minecraft:pig":6,"minecraft:drowned":1,"born_in_chaos_v1:maggot":1},"minecraft:crafted":{"minecraft:oak_planks":48,"minecraft:crafting_table":1,"minecraft:stick":8,"minecraft:wooden_pickaxe":1,"minecraft:stone_pickaxe":1,"minecraft:wooden_axe":1,"minecraft:stone_axe":1,"minecraft:bread":9,"minecraft:wheat":27}},"DataVersion":3465}