{"stats":{"minecraft:used":{"minecraft:apple":2,"minecraft:dirt":13,"minecraft:oak_sapling":3,"minecraft:birch_log":1,"alexsmobs:animal_dictionary":2},"minecraft:mined":{"minecraft:grass":1,"minecraft:hay_block":4,"minecraft:grass_block":10,"minecraft:oak_log":12,"minecraft:dirt":3,"minecraft:birch_log":5,"minecraft:yellow_bed":1},"minecraft:dropped":{"minecraft:rotten_flesh":1,"minecraft:dirt":20},"minecraft:picked_up":{"minecraft:birch_log":6,"minecraft:rotten_flesh":1,"minecraft:hay_block":3,"minecraft:oak_log":12,"minecraft:yellow_bed":1,"minecraft:oak_sapling":3,"minecraft:dirt":33},"minecraft:killed_by":{"undead_revamp2:sucker":2,"enemyexpansion:meature":1},"minecraft:custom":{"minecraft:time_since_rest":4342,"minecraft:damage_taken":835,"minecraft:crouch_one_cm":1307,"minecraft:play_time":44446,"minecraft:sprint_one_cm":59003,"minecraft:deaths":3,"minecraft:walk_one_cm":96181,"minecraft:sneak_time":458,"minecraft:walk_under_water_one_cm":5820,"minecraft:drop":21,"minecraft:jump":446,"minecraft:damage_dealt":41,"minecraft:leave_game":4,"minecraft:time_since_death":23925,"minecraft:walk_on_water_one_cm":19444,"minecraft:sleep_in_bed":1,"minecraft:climb_one_cm":424,"minecraft:total_world_time":44446,"minecraft:swim_one_cm":11509,"minecraft:fall_one_cm":5420,"minecraft:fly_one_cm":29879,"minecraft:player_kills":1,"minecraft:open_chest":2},"minecraft:crafted":{"minecraft:oak_planks":48}},"DataVersion":3465}