{"stats":{"minecraft:used":{"minecraft:oak_fence":1,"minecraft:stone_sword":155,"iceandfire:armor_copper_metal_leggings":1,"minecraft:iron_sword":60,"minecraft:oak_door":2,"minecraft:torch":15,"iceandfire:armor_copper_metal_boots":1,"minecraft:dirt":32,"iceandfire:copper_sword":53,"minecraft:carrot":3,"minecraft:wooden_axe":29,"minecraft:furnace":2,"minecraft:oak_sapling":3,"iceandfire:armor_copper_metal_helmet":1,"tombstone:gift":3,"minecraft:potato":3,"minecraft:stone_pickaxe":124,"minecraft:wooden_pickaxe":20,"minecraft:white_wool":1,"minecraft:crafting_table":5,"minecraft:white_bed":1,"minecraft:oak_log":6,"iceandfire:armor_copper_metal_chestplate":1,"minecraft:apple":6,"minecraft:bread":37,"minecraft:gravel":5,"minecraft:stone_axe":72,"minecraft:cobblestone":42,"minecraft:cooked_porkchop":2,"minecraft:birch_log":1,"alexsmobs:animal_dictionary":2,"minecraft:yellow_bed":3,"quark:oak_chest":2,"minecraft:oak_boat":1},"minecraft:mined":{"iceandfire:silver_ore":1,"luminousworld:blue_petunias":1,"placeablesmod:potato_block_1":1,"minecraft:grass_block":41,"luminousworld:grassvariant_2":7,"minecraft:hay_block":18,"minecraft:furnace":1,"minecraft:carrots":3,"minecraft:iron_ore":1,"minecraft:bookshelf":14,"minecraft:potatoes":1,"minecraft:oak_stairs":1,"ecologics:walnut_log":5,"minecraft:stone":60,"minecraft:dandelion":1,"minecraft:oak_fence":1,"minecraft:crafting_table":2,"ecologics:walnut_leaves":1,"minecraft:tall_grass":16,"minecraft:copper_ore":10,"minecraft:cobblestone":10,"minecraft:oak_planks":6,"placeablesmod:bread_full_block":2,"minecraft:wall_torch":2,"minecraft:birch_log":5,"minecraft:wheat":29,"minecraft:tnt":5,"minecraft:yellow_bed":2,"minecraft:grass":31,"minecraft:oak_log":44,"minecraft:coal_ore":27,"minecraft:gravel":9,"minecraft:dirt":32,"luminousworld:grassvariant_3":3,"minecraft:oak_leaves":3},"minecraft:dropped":{"minecraft:wheat_seeds":67,"minecraft:dirt":40,"tombstone:grave_key":1,"minecraft:rose_bush":7,"minecraft:gold_nugget":1,"minecraft:string":1,"minecraft:dandelion":2,"minecraft:oak_door":1,"minecraft:iron_nugget":9,"minecraft:raw_copper":12,"minecraft:rotten_flesh":3,"minecraft:white_bed":1,"luminousworld:yellow_grassflowers":1,"minecraft:poppy":1,"luminousworld:grassflowers":1,"iceandfire:copper_sword":2,"minecraft:peony":11,"minecraft:wooden_pickaxe":2},"minecraft:picked_up":{"luminousworld:groundpebbles_1":2,"minecraft:iron_chestplate":1,"minecraft:crafting_table":3,"minecraft:wheat":39,"iceandfire:copper_sword":1,"minecraft:wooden_pickaxe":1,"minecraft:oak_stairs":1,"tombstone:grave_key":1,"minecraft:string":3,"minecraft:raw_copper":35,"minecraft:iron_leggings":1,"minecraft:gold_nugget":3,"minecraft:rose_bush":7,"minecraft:poppy":1,"minecraft:iron_boots":1,"minecraft:furnace":1,"minecraft:raw_iron":1,"minecraft:oak_door":2,"ecologics:walnut_log":5,"minecraft:oak_fence":1,"minecraft:torch":3,"minecraft:porkchop":10,"tombstone:grave_dust":5,"minecraft:carrot":1,"minecraft:tnt":5,"luminousworld:grassflowers":1,"minecraft:stone_sword":1,"minecraft:rotten_flesh":6,"luminousworld:yellow_grassflowers":1,"minecraft:peony":11,"minecraft:hay_block":17,"minecraft:mutton":2,"minecraft:cobblestone":68,"minecraft:white_wool":1,"minecraft:birch_log":6,"minecraft:potato":3,"minecraft:flint":2,"minecraft:oak_log":42,"minecraft:yellow_bed":3,"minecraft:dirt":74,"minecraft:lantern":1,"minecraft:wheat_seeds":130,"minecraft:stone_pickaxe":1,"tombstone:bag_of_seeds":1,"minecraft:oak_planks":5,"minecraft:book":42,"minecraft:dandelion":2,"minecraft:gravel":7,"minecraft:white_bed":3,"minecraft:stone_axe":1,"minecraft:iron_helmet":1,"minecraft:chainmail_helmet":1,"minecraft:bread":18,"born_in_chaos_v1:rotten_fish":1,"minecraft:oak_sapling":3,"minecraft:coal":40,"iceandfire:raw_silver":1},"minecraft:broken":{"minecraft:stone_sword":1,"minecraft:stone_pickaxe":1},"minecraft:killed_by":{"minecraft:player":1,"undead_revamp2:sucker":3,"iceandfire:siren":1,"born_in_chaos_v1:supreme_bonescaller":1,"born_in_chaos_v1:bone_imp_minion":1,"enemyexpansion:meature":1,"iceandfire:ghost":5},"minecraft:custom":{"minecraft:mob_kills":24,"minecraft:interact_with_crafting_table":31,"minecraft:damage_dealt_resisted":586,"minecraft:leave_game":8,"minecraft:time_since_death":2240,"minecraft:climb_one_cm":1503,"minecraft:sprint_one_cm":422369,"minecraft:walk_one_cm":707567,"minecraft:drop":59,"minecraft:talked_to_villager":5,"minecraft:play_time":238991,"minecraft:deaths":16,"minecraft:sneak_time":4805,"minecraft:walk_under_water_one_cm":23437,"minecraft:boat_one_cm":79290,"minecraft:jump":2861,"minecraft:walk_on_water_one_cm":85818,"minecraft:total_world_time":238991,"minecraft:interact_with_furnace":21,"tombstone:raider_killed":1,"minecraft:sleep_in_bed":15,"minecraft:time_since_rest":2041,"minecraft:damage_taken":6005,"minecraft:trigger_trapped_chest":1,"minecraft:damage_dealt":4416,"minecraft:swim_one_cm":35019,"minecraft:fly_one_cm":290974,"minecraft:player_kills":1,"minecraft:open_chest":27,"minecraft:crouch_one_cm":9382,"tombstone:undead_killed":14,"minecraft:fall_one_cm":53504},"minecraft:killed":{"minecraft:spider":1,"undead_revamp2:thesmoker":1,"born_in_chaos_v1:maggot":1,"minecraft:drowned":1,"born_in_chaos_v1:supreme_bonescaller_stage_2":1,"minecraft:pig":6,"born_in_chaos_v1:bone_imp_minion":7,"undead_revamp2:the_moonflower":2,"minecraft:sheep":1,"minecraft:zombie":1,"iceandfire:ghost":1},"minecraft:crafted":{"minecraft:oak_door":3,"minecraft:oak_planks":48,"minecraft:furnace":1,"iceandfire:armor_copper_metal_leggings":1,"iceandfire:armor_copper_metal_helmet":1,"iceandfire:armor_copper_metal_boots":1,"minecraft:stone_pickaxe":1,"iceandfire:armor_copper_metal_chestplate":1,"minecraft:wheat":27,"minecraft:cooked_porkchop":10,"minecraft:crafting_table":2,"minecraft:wooden_pickaxe":1,"minecraft:iron_sword":1,"minecraft:copper_ingot":28,"iceandfire:copper_sword":1,"minecraft:stone_axe":1,"minecraft:bread":22,"minecraft:air":0,"minecraft:oak_boat":1,"minecraft:stick":20,"quark:oak_chest":2,"minecraft:iron_ingot":3,"minecraft:wooden_axe":1,"minecraft:torch":16}},"DataVersion":3465}