{"stats":{"minecraft:used":{"minecraft:oak_fence":1,"minecraft:stone_sword":155,"iceandfire:armor_copper_metal_leggings":1,"minecraft:iron_sword":129,"minecraft:oak_door":2,"minecraft:torch":15,"iceandfire:armor_copper_metal_boots":1,"minecraft:dirt":33,"iceandfire:copper_sword":53,"minecraft:carrot":3,"minecraft:iron_hoe":1,"minecraft:wooden_axe":29,"minecraft:furnace":2,"minecraft:oak_sapling":3,"iceandfire:armor_copper_metal_helmet":1,"tombstone:gift":3,"minecraft:potato":3,"minecraft:stone_pickaxe":124,"minecraft:wooden_pickaxe":20,"minecraft:white_wool":1,"minecraft:crafting_table":5,"minecraft:white_bed":1,"minecraft:oak_log":6,"iceandfire:armor_copper_metal_chestplate":1,"minecraft:apple":6,"minecraft:bread":37,"minecraft:gravel":5,"minecraft:stone_axe":75,"minecraft:cobblestone":42,"minecraft:cooked_porkchop":8,"minecraft:birch_log":1,"alexsmobs:animal_dictionary":2,"minecraft:yellow_bed":3,"quark:oak_chest":2,"minecraft:oak_boat":1},"minecraft:mined":{"iceandfire:silver_ore":1,"luminousworld:grassvariant_4":4,"luminousworld:blue_petunias":1,"placeablesmod:potato_block_1":1,"minecraft:grass_block":42,"luminousworld:grassvariant_2":12,"minecraft:hay_block":18,"minecraft:furnace":1,"minecraft:carrots":3,"minecraft:iron_ore":1,"minecraft:bookshelf":14,"minecraft:potatoes":1,"minecraft:oak_stairs":1,"ecologics:walnut_log":5,"minecraft:stone":60,"minecraft:dandelion":1,"minecraft:oak_fence":1,"minecraft:crafting_table":2,"ecologics:walnut_leaves":1,"minecraft:tall_grass":16,"minecraft:copper_ore":10,"minecraft:cobblestone":10,"minecraft:oak_planks":6,"placeablesmod:bread_full_block":2,"minecraft:wall_torch":2,"placeablesmod:cooked_pork_block":2,"minecraft:birch_log":5,"minecraft:wheat":29,"minecraft:tnt":5,"minecraft:yellow_bed":2,"minecraft:grass":45,"minecraft:oak_log":47,"minecraft:coal_ore":27,"minecraft:gravel":9,"minecraft:dirt":32,"luminousworld:grassvariant_3":7,"minecraft:cobweb":2,"minecraft:oak_leaves":11},"minecraft:dropped":{"minecraft:wheat_seeds":68,"minecraft:dirt":40,"tombstone:grave_key":1,"minecraft:rose_bush":7,"minecraft:gold_nugget":1,"minecraft:string":1,"minecraft:spruce_sapling":1,"minecraft:dandelion":2,"minecraft:oak_door":1,"minecraft:iron_nugget":9,"minecraft:raw_copper":12,"minecraft:rotten_flesh":9,"minecraft:white_bed":1,"luminousworld:yellow_grassflowers":1,"minecraft:poppy":1,"luminousworld:grassflowers":1,"iceandfire:copper_sword":2,"minecraft:peony":11,"minecraft:wooden_pickaxe":2},"minecraft:picked_up":{"luminousworld:groundpebbles_1":2,"minecraft:iron_chestplate":1,"minecraft:crafting_table":3,"minecraft:wheat":39,"iceandfire:copper_sword":1,"minecraft:wooden_pickaxe":1,"minecraft:oak_stairs":1,"tombstone:grave_key":1,"minecraft:string":5,"minecraft:raw_copper":35,"minecraft:iron_leggings":1,"minecraft:gold_nugget":3,"minecraft:beef":3,"minecraft:rose_bush":7,"minecraft:poppy":1,"minecraft:iron_boots":1,"minecraft:furnace":1,"minecraft:stick":2,"minecraft:raw_iron":1,"minecraft:oak_door":2,"ecologics:walnut_log":5,"minecraft:oak_fence":1,"minecraft:torch":3,"minecraft:porkchop":19,"tombstone:grave_dust":5,"minecraft:carrot":1,"minecraft:tnt":5,"luminousworld:grassflowers":1,"minecraft:stone_sword":1,"minecraft:rotten_flesh":7,"luminousworld:yellow_grassflowers":1,"minecraft:peony":11,"minecraft:hay_block":17,"minecraft:mutton":2,"minecraft:cobblestone":68,"minecraft:white_wool":1,"minecraft:birch_log":6,"minecraft:leather":1,"minecraft:potato":3,"minecraft:flint":2,"minecraft:oak_log":45,"minecraft:yellow_bed":3,"minecraft:dirt":75,"minecraft:lantern":1,"minecraft:wheat_seeds":131,"minecraft:stone_pickaxe":1,"tombstone:bag_of_seeds":1,"minecraft:oak_planks":5,"minecraft:book":42,"minecraft:cooked_porkchop":2,"minecraft:dandelion":2,"minecraft:gravel":7,"minecraft:spruce_sapling":1,"minecraft:white_bed":3,"minecraft:iron_hoe":1,"minecraft:stone_axe":1,"minecraft:iron_helmet":1,"minecraft:chainmail_helmet":1,"minecraft:bread":18,"born_in_chaos_v1:rotten_fish":1,"minecraft:oak_sapling":3,"minecraft:coal":40,"iceandfire:raw_silver":1},"minecraft:broken":{"minecraft:stone_sword":1,"minecraft:iron_boots":1,"minecraft:stone_pickaxe":1},"minecraft:killed_by":{"minecraft:player":1,"undead_revamp2:sucker":3,"undead_revamp2:the_moonflower":1,"iceandfire:siren":1,"born_in_chaos_v1:supreme_bonescaller":1,"born_in_chaos_v1:bone_imp_minion":1,"enemyexpansion:meature":1,"iceandfire:ghost":5},"minecraft:custom":{"minecraft:mob_kills":32,"minecraft:interact_with_crafting_table":31,"minecraft:damage_dealt_resisted":586,"minecraft:leave_game":8,"minecraft:time_since_death":3770,"minecraft:climb_one_cm":2041,"minecraft:sprint_one_cm":515169,"minecraft:walk_one_cm":778372,"minecraft:drop":62,"minecraft:talked_to_villager":5,"minecraft:play_time":262991,"minecraft:deaths":17,"minecraft:sneak_time":6513,"minecraft:walk_under_water_one_cm":24957,"minecraft:boat_one_cm":79290,"minecraft:jump":3349,"minecraft:walk_on_water_one_cm":97185,"minecraft:total_world_time":262991,"minecraft:interact_with_furnace":22,"tombstone:raider_killed":1,"minecraft:sleep_in_bed":15,"minecraft:time_since_rest":2099,"minecraft:damage_taken":6501,"minecraft:trigger_trapped_chest":1,"minecraft:damage_dealt":5449,"minecraft:swim_one_cm":38660,"minecraft:fly_one_cm":348053,"minecraft:player_kills":2,"minecraft:open_chest":28,"minecraft:crouch_one_cm":12025,"tombstone:undead_killed":15,"minecraft:fall_one_cm":63033},"minecraft:killed":{"minecraft:spider":1,"undead_revamp2:thesmoker":1,"enemyexpansion:direwolf":2,"born_in_chaos_v1:maggot":1,"minecraft:drowned":1,"born_in_chaos_v1:supreme_bonescaller_stage_2":1,"undead_revamp2:sucker":1,"minecraft:pig":10,"born_in_chaos_v1:bone_imp_minion":7,"undead_revamp2:the_moonflower":2,"minecraft:sheep":1,"minecraft:zombie":1,"iceandfire:ghost":1,"minecraft:cow":1},"minecraft:crafted":{"minecraft:oak_door":3,"minecraft:oak_planks":60,"minecraft:furnace":1,"iceandfire:armor_copper_metal_leggings":1,"iceandfire:armor_copper_metal_helmet":1,"iceandfire:armor_copper_metal_boots":1,"minecraft:stone_pickaxe":1,"iceandfire:armor_copper_metal_chestplate":1,"minecraft:wheat":27,"minecraft:cooked_porkchop":10,"minecraft:crafting_table":2,"minecraft:wooden_pickaxe":1,"minecraft:iron_sword":1,"minecraft:copper_ingot":28,"iceandfire:copper_sword":1,"minecraft:stone_axe":1,"minecraft:bread":22,"minecraft:air":0,"minecraft:oak_boat":1,"minecraft:stick":20,"quark:oak_chest":2,"minecraft:iron_ingot":3,"minecraft:wooden_axe":1,"minecraft:torch":16}},"DataVersion":3465}