{"stats":{"minecraft:picked_up":{"minecraft:birch_log":2,"minecraft:rotten_flesh":1,"minecraft:oak_log":12,"minecraft:oak_sapling":3,"minecraft:dirt":20},"minecraft:custom":{"minecraft:time_since_rest":8966,"minecraft:damage_taken":795,"minecraft:crouch_one_cm":329,"minecraft:play_time":30354,"minecraft:sprint_one_cm":32186,"minecraft:deaths":3,"minecraft:walk_one_cm":45971,"minecraft:sneak_time":149,"minecraft:walk_under_water_one_cm":590,"minecraft:drop":21,"minecraft:jump":251,"minecraft:damage_dealt":41,"minecraft:leave_game":4,"minecraft:time_since_death":9833,"minecraft:walk_on_water_one_cm":9510,"minecraft:total_world_time":30354,"minecraft:swim_one_cm":3270,"minecraft:fall_one_cm":3430,"minecraft:fly_one_cm":19351,"minecraft:player_kills":1},"minecraft:used":{"minecraft:oak_sapling":3,"minecraft:birch_log":1,"alexsmobs:animal_dictionary":2},"minecraft:dropped":{"minecraft:rotten_flesh":1,"minecraft:dirt":20},"minecraft:killed_by":{"undead_revamp2:sucker":2,"enemyexpansion:meature":1},"minecraft:mined":{"minecraft:oak_log":12,"minecraft:birch_log":1},"minecraft:crafted":{"minecraft:oak_planks":48}},"DataVersion":3465}