{"stats":{"minecraft:picked_up":{"minecraft:birch_log":2,"minecraft:rotten_flesh":1,"minecraft:oak_log":12,"minecraft:oak_sapling":3,"minecraft:dirt":20},"minecraft:custom":{"minecraft:time_since_rest":2957,"minecraft:crouch_one_cm":329,"minecraft:play_time":24345,"minecraft:sprint_one_cm":29807,"minecraft:deaths":3,"minecraft:damage_taken":795,"minecraft:walk_one_cm":36288,"minecraft:sneak_time":127,"minecraft:walk_under_water_one_cm":590,"minecraft:drop":21,"minecraft:jump":228,"minecraft:damage_dealt":41,"minecraft:walk_on_water_one_cm":9510,"minecraft:leave_game":3,"minecraft:time_since_death":3824,"minecraft:total_world_time":24345,"minecraft:swim_one_cm":3270,"minecraft:fall_one_cm":2803,"minecraft:fly_one_cm":17134,"minecraft:player_kills":1},"minecraft:used":{"minecraft:oak_sapling":3,"minecraft:birch_log":1,"alexsmobs:animal_dictionary":2},"minecraft:dropped":{"minecraft:rotten_flesh":1,"minecraft:dirt":20},"minecraft:killed_by":{"undead_revamp2:sucker":2,"enemyexpansion:meature":1},"minecraft:mined":{"minecraft:oak_log":12,"minecraft:birch_log":1},"minecraft:crafted":{"minecraft:oak_planks":48}},"DataVersion":3465}