{"stats":{"minecraft:used":{"minecraft:oak_fence":1,"minecraft:stone_sword":78,"iceandfire:armor_copper_metal_leggings":1,"minecraft:oak_door":2,"minecraft:torch":2,"iceandfire:armor_copper_metal_boots":1,"minecraft:dirt":30,"iceandfire:copper_sword":53,"minecraft:carrot":3,"minecraft:wooden_axe":29,"minecraft:furnace":2,"minecraft:oak_sapling":3,"iceandfire:armor_copper_metal_helmet":1,"tombstone:gift":2,"minecraft:potato":3,"minecraft:stone_pickaxe":105,"minecraft:wooden_pickaxe":20,"minecraft:white_wool":1,"minecraft:crafting_table":5,"minecraft:white_bed":1,"iceandfire:armor_copper_metal_chestplate":1,"minecraft:apple":6,"minecraft:bread":29,"minecraft:gravel":5,"minecraft:stone_axe":19,"minecraft:cobblestone":41,"minecraft:birch_log":1,"alexsmobs:animal_dictionary":2,"minecraft:yellow_bed":3,"quark:oak_chest":1,"minecraft:oak_boat":1},"minecraft:mined":{"iceandfire:silver_ore":1,"luminousworld:blue_petunias":1,"placeablesmod:potato_block_1":1,"minecraft:grass_block":40,"luminousworld:grassvariant_2":6,"minecraft:hay_block":7,"minecraft:furnace":1,"minecraft:carrots":3,"minecraft:iron_ore":1,"minecraft:potatoes":1,"ecologics:walnut_log":5,"minecraft:stone":58,"minecraft:dandelion":1,"minecraft:oak_fence":1,"minecraft:crafting_table":2,"ecologics:walnut_leaves":1,"minecraft:tall_grass":11,"minecraft:copper_ore":10,"minecraft:cobblestone":10,"minecraft:oak_planks":3,"placeablesmod:bread_full_block":2,"minecraft:birch_log":5,"minecraft:wheat":29,"minecraft:yellow_bed":2,"minecraft:grass":28,"minecraft:oak_log":12,"minecraft:coal_ore":10,"minecraft:gravel":9,"minecraft:dirt":30,"luminousworld:grassvariant_3":3,"minecraft:oak_leaves":1},"minecraft:dropped":{"minecraft:wheat_seeds":67,"minecraft:dirt":40,"tombstone:grave_key":1,"minecraft:rose_bush":7,"minecraft:gold_nugget":1,"minecraft:string":1,"minecraft:dandelion":2,"minecraft:iron_nugget":9,"minecraft:raw_copper":12,"minecraft:rotten_flesh":3,"minecraft:white_bed":1,"luminousworld:yellow_grassflowers":1,"minecraft:poppy":1,"luminousworld:grassflowers":1,"iceandfire:copper_sword":2,"minecraft:peony":11,"minecraft:wooden_pickaxe":2},"minecraft:picked_up":{"luminousworld:groundpebbles_1":2,"minecraft:iron_chestplate":1,"minecraft:crafting_table":3,"minecraft:wheat":39,"iceandfire:copper_sword":1,"minecraft:wooden_pickaxe":1,"tombstone:grave_key":1,"minecraft:string":1,"minecraft:raw_copper":35,"minecraft:iron_leggings":1,"minecraft:rose_bush":7,"minecraft:poppy":1,"minecraft:iron_boots":1,"minecraft:furnace":1,"minecraft:raw_iron":1,"minecraft:oak_door":1,"ecologics:walnut_log":5,"minecraft:oak_fence":1,"minecraft:torch":1,"minecraft:porkchop":10,"tombstone:grave_dust":2,"minecraft:carrot":1,"luminousworld:grassflowers":1,"minecraft:stone_sword":1,"minecraft:rotten_flesh":1,"luminousworld:yellow_grassflowers":1,"minecraft:peony":11,"minecraft:hay_block":6,"minecraft:mutton":2,"minecraft:cobblestone":66,"minecraft:white_wool":1,"minecraft:birch_log":6,"minecraft:potato":3,"minecraft:flint":2,"minecraft:oak_log":12,"minecraft:yellow_bed":3,"minecraft:dirt":70,"minecraft:lantern":1,"minecraft:wheat_seeds":130,"minecraft:stone_pickaxe":1,"minecraft:oak_planks":2,"minecraft:dandelion":2,"minecraft:gravel":7,"minecraft:white_bed":3,"minecraft:stone_axe":1,"minecraft:iron_helmet":1,"minecraft:bread":18,"minecraft:oak_sapling":3,"minecraft:coal":23,"iceandfire:raw_silver":1},"minecraft:killed_by":{"minecraft:player":1,"undead_revamp2:sucker":2,"iceandfire:siren":1,"enemyexpansion:meature":1,"iceandfire:ghost":5},"minecraft:custom":{"minecraft:mob_kills":13,"minecraft:interact_with_crafting_table":24,"minecraft:leave_game":8,"minecraft:time_since_death":21095,"minecraft:climb_one_cm":424,"minecraft:sprint_one_cm":378422,"minecraft:walk_one_cm":581213,"minecraft:drop":58,"minecraft:talked_to_villager":5,"minecraft:play_time":208991,"minecraft:deaths":12,"minecraft:sneak_time":3570,"minecraft:walk_under_water_one_cm":23437,"minecraft:boat_one_cm":79290,"minecraft:jump":2373,"minecraft:walk_on_water_one_cm":83088,"minecraft:total_world_time":208991,"minecraft:interact_with_furnace":19,"tombstone:raider_killed":1,"minecraft:sleep_in_bed":14,"minecraft:time_since_rest":2973,"minecraft:damage_taken":4386,"minecraft:trigger_trapped_chest":1,"minecraft:damage_dealt":2265,"minecraft:swim_one_cm":35019,"minecraft:fly_one_cm":247342,"minecraft:player_kills":1,"minecraft:open_chest":11,"minecraft:crouch_one_cm":7775,"tombstone:undead_killed":4,"minecraft:fall_one_cm":43444},"minecraft:killed":{"undead_revamp2:thesmoker":1,"born_in_chaos_v1:maggot":1,"minecraft:drowned":1,"minecraft:pig":6,"minecraft:sheep":1,"minecraft:zombie":1,"iceandfire:ghost":1},"minecraft:crafted":{"minecraft:oak_door":3,"minecraft:oak_planks":48,"minecraft:furnace":1,"iceandfire:armor_copper_metal_leggings":1,"iceandfire:armor_copper_metal_helmet":1,"iceandfire:armor_copper_metal_boots":1,"minecraft:stone_pickaxe":1,"iceandfire:armor_copper_metal_chestplate":1,"minecraft:wheat":27,"minecraft:crafting_table":2,"minecraft:wooden_pickaxe":1,"minecraft:copper_ingot":28,"iceandfire:copper_sword":1,"minecraft:stone_axe":1,"minecraft:bread":22,"minecraft:air":0,"minecraft:oak_boat":1,"minecraft:stick":16,"quark:oak_chest":1,"minecraft:iron_ingot":2,"minecraft:wooden_axe":1,"minecraft:torch":16}},"DataVersion":3465}