{"stats":{"minecraft:used":{"minecraft:oak_fence":1,"minecraft:stone_pickaxe":46,"minecraft:wooden_pickaxe":20,"minecraft:dirt":23,"minecraft:crafting_table":2,"minecraft:white_bed":1,"minecraft:wooden_axe":29,"minecraft:apple":6,"minecraft:bread":12,"minecraft:gravel":5,"minecraft:stone_axe":10,"minecraft:oak_sapling":3,"minecraft:furnace":1,"minecraft:birch_log":1,"tombstone:gift":2,"minecraft:yellow_bed":1,"alexsmobs:animal_dictionary":2,"minecraft:potato":2},"minecraft:mined":{"minecraft:dandelion":1,"minecraft:oak_fence":1,"minecraft:grass_block":18,"minecraft:copper_ore":4,"minecraft:tall_grass":2,"minecraft:hay_block":4,"minecraft:birch_log":5,"minecraft:yellow_bed":2,"minecraft:grass":7,"minecraft:potatoes":1,"minecraft:oak_log":12,"minecraft:gravel":6,"minecraft:dirt":5,"minecraft:stone":52},"minecraft:dropped":{"minecraft:wheat_seeds":1,"minecraft:rotten_flesh":1,"minecraft:white_bed":1,"minecraft:dirt":20,"minecraft:string":1,"minecraft:dandelion":1},"minecraft:picked_up":{"minecraft:birch_log":6,"minecraft:crafting_table":1,"minecraft:potato":1,"minecraft:flint":1,"minecraft:oak_log":12,"minecraft:yellow_bed":3,"minecraft:dirt":43,"minecraft:string":1,"minecraft:raw_copper":12,"minecraft:wheat_seeds":2,"minecraft:oak_fence":1,"minecraft:dandelion":2,"minecraft:gravel":5,"minecraft:porkchop":10,"tombstone:grave_dust":2,"minecraft:white_bed":3,"minecraft:rotten_flesh":1,"minecraft:hay_block":3,"minecraft:bread":8,"minecraft:oak_sapling":3,"minecraft:coal":13,"minecraft:cobblestone":51},"minecraft:killed_by":{"minecraft:player":1,"undead_revamp2:sucker":2,"enemyexpansion:meature":1},"minecraft:custom":{"minecraft:interact_with_furnace":5,"minecraft:mob_kills":9,"tombstone:raider_killed":1,"minecraft:interact_with_crafting_table":10,"minecraft:leave_game":7,"minecraft:time_since_death":20086,"minecraft:sleep_in_bed":8,"minecraft:climb_one_cm":424,"minecraft:time_since_rest":3973,"minecraft:sprint_one_cm":145845,"minecraft:damage_taken":1968,"minecraft:walk_one_cm":297629,"minecraft:drop":25,"minecraft:damage_dealt":1264,"minecraft:swim_one_cm":18001,"minecraft:talked_to_villager":5,"minecraft:fly_one_cm":78408,"minecraft:player_kills":1,"minecraft:open_chest":3,"minecraft:crouch_one_cm":3552,"minecraft:play_time":125057,"tombstone:undead_killed":2,"minecraft:deaths":5,"minecraft:sneak_time":1586,"minecraft:walk_under_water_one_cm":12117,"minecraft:jump":1200,"minecraft:walk_on_water_one_cm":34949,"minecraft:total_world_time":125057,"minecraft:fall_one_cm":21863},"minecraft:killed":{"minecraft:pig":6,"born_in_chaos_v1:maggot":1,"minecraft:zombie":1,"minecraft:drowned":1},"minecraft:crafted":{"minecraft:oak_planks":48,"minecraft:crafting_table":1,"minecraft:wooden_pickaxe":1,"minecraft:furnace":1,"minecraft:copper_ingot":5,"minecraft:stone_axe":1,"minecraft:bread":9,"minecraft:air":0,"minecraft:stick":16,"minecraft:stone_pickaxe":1,"minecraft:wooden_axe":1,"minecraft:torch":16,"minecraft:wheat":27}},"DataVersion":3465}