{"stats":{"minecraft:used":{"minecraft:oak_sapling":3,"minecraft:birch_log":1,"alexsmobs:animal_dictionary":2},"minecraft:mined":{"minecraft:oak_log":12,"minecraft:birch_log":1},"minecraft:dropped":{"minecraft:rotten_flesh":1,"minecraft:dirt":20},"minecraft:picked_up":{"minecraft:birch_log":2,"minecraft:rotten_flesh":1,"minecraft:oak_log":12,"minecraft:oak_sapling":3,"minecraft:dirt":20},"minecraft:killed_by":{"undead_revamp2:sucker":2,"enemyexpansion:meature":1},"minecraft:custom":{"minecraft:time_since_rest":11058,"minecraft:damage_taken":795,"minecraft:crouch_one_cm":329,"minecraft:play_time":32446,"minecraft:sprint_one_cm":33850,"minecraft:deaths":3,"minecraft:walk_one_cm":51554,"minecraft:sneak_time":149,"minecraft:walk_under_water_one_cm":665,"minecraft:drop":21,"minecraft:jump":265,"minecraft:damage_dealt":41,"minecraft:leave_game":4,"minecraft:time_since_death":11925,"minecraft:walk_on_water_one_cm":13115,"minecraft:total_world_time":32446,"minecraft:swim_one_cm":5963,"minecraft:fall_one_cm":3639,"minecraft:fly_one_cm":20350,"minecraft:player_kills":1},"minecraft:crafted":{"minecraft:oak_planks":48}},"DataVersion":3465}