{"stats":{"minecraft:used":{"minecraft:oak_fence":1,"minecraft:stone_sword":155,"iceandfire:armor_copper_metal_leggings":1,"minecraft:iron_sword":146,"minecraft:oak_door":2,"minecraft:iron_chestplate":1,"minecraft:torch":15,"iceandfire:armor_copper_metal_boots":1,"minecraft:dirt":35,"iceandfire:copper_sword":53,"minecraft:carrot":3,"minecraft:iron_hoe":1,"minecraft:wooden_axe":29,"alexscaves:spelunkery_table":1,"iceandfire:armor_copper_metal_helmet":1,"minecraft:oak_sapling":3,"minecraft:furnace":2,"tombstone:gift":3,"minecraft:potato":3,"minecraft:cooked_mutton":2,"minecraft:stone_pickaxe":124,"minecraft:wooden_pickaxe":20,"minecraft:white_wool":1,"minecraft:crafting_table":6,"minecraft:white_bed":1,"minecraft:smoker":1,"minecraft:oak_log":6,"minecraft:apple":6,"iceandfire:armor_copper_metal_chestplate":1,"minecraft:bread":37,"minecraft:gravel":5,"minecraft:stone_axe":82,"minecraft:cobblestone":42,"minecraft:cooked_porkchop":9,"minecraft:birch_log":1,"quark:oak_chest":2,"minecraft:yellow_bed":3,"minecraft:oak_boat":1,"alexsmobs:animal_dictionary":2},"minecraft:mined":{"alexscaves:spelunkery_table":1,"iceandfire:silver_ore":1,"luminousworld:grassvariant_4":4,"luminousworld:blue_petunias":1,"placeablesmod:potato_block_1":1,"minecraft:grass_block":42,"luminousworld:grassvariant_2":12,"minecraft:spruce_leaves":7,"minecraft:hay_block":18,"minecraft:furnace":1,"minecraft:carrots":3,"minecraft:iron_ore":1,"minecraft:bookshelf":14,"minecraft:potatoes":1,"minecraft:vine":2,"minecraft:oak_stairs":1,"ecologics:walnut_log":5,"minecraft:stone":60,"minecraft:oak_slab":1,"minecraft:dandelion":1,"minecraft:oak_fence":1,"minecraft:crafting_table":2,"ecologics:walnut_leaves":1,"minecraft:tall_grass":16,"minecraft:copper_ore":10,"minecraft:cobblestone":10,"minecraft:oak_planks":6,"placeablesmod:bread_full_block":2,"minecraft:wall_torch":2,"placeablesmod:cooked_pork_block":2,"minecraft:birch_log":5,"minecraft:wheat":29,"minecraft:tnt":5,"minecraft:yellow_bed":2,"minecraft:grass":45,"minecraft:oak_log":51,"minecraft:coal_ore":27,"minecraft:gravel":9,"minecraft:dirt":32,"luminousworld:grassvariant_3":7,"minecraft:cobweb":7,"minecraft:oak_leaves":11},"minecraft:dropped":{"minecraft:wheat_seeds":68,"artifacts:night_vision_goggles":1,"minecraft:dirt":40,"tombstone:grave_key":1,"minecraft:rose_bush":7,"minecraft:tnt_minecart":1,"minecraft:gold_nugget":1,"minecraft:string":1,"minecraft:spruce_sapling":1,"minecraft:dandelion":2,"minecraft:oak_door":1,"minecraft:iron_nugget":9,"minecraft:raw_copper":12,"minecraft:rotten_flesh":9,"minecraft:white_bed":1,"luminousworld:yellow_grassflowers":1,"minecraft:poppy":1,"luminousworld:grassflowers":1,"iceandfire:copper_sword":2,"minecraft:peony":11,"minecraft:wooden_pickaxe":2},"minecraft:picked_up":{"luminousworld:groundpebbles_1":2,"minecraft:crafting_table":3,"minecraft:iron_chestplate":2,"minecraft:wheat":39,"artifacts:night_vision_goggles":1,"iceandfire:copper_sword":1,"minecraft:wooden_pickaxe":1,"alexscaves:cave_tablet":1,"minecraft:oak_stairs":1,"tombstone:grave_key":1,"minecraft:string":10,"minecraft:raw_copper":35,"minecraft:iron_leggings":1,"minecraft:tnt_minecart":1,"minecraft:gold_nugget":3,"minecraft:beef":3,"minecraft:rose_bush":7,"minecraft:iron_nugget":14,"minecraft:poppy":1,"minecraft:iron_boots":1,"minecraft:furnace":1,"minecraft:stick":2,"minecraft:raw_iron":1,"minecraft:oak_door":2,"ecologics:walnut_log":5,"minecraft:oak_fence":1,"minecraft:torch":3,"minecraft:porkchop":19,"tombstone:grave_dust":5,"minecraft:carrot":1,"minecraft:tnt":5,"luminousworld:grassflowers":1,"minecraft:stone_sword":1,"minecraft:rotten_flesh":7,"luminousworld:yellow_grassflowers":1,"minecraft:peony":11,"minecraft:hay_block":17,"alexscaves:spelunkery_table":1,"minecraft:mutton":2,"minecraft:white_wool":1,"minecraft:cobblestone":69,"minecraft:birch_log":6,"minecraft:leather":1,"minecraft:smoker":1,"minecraft:potato":3,"minecraft:flint":2,"minecraft:oak_log":50,"minecraft:yellow_bed":3,"minecraft:dirt":77,"minecraft:lantern":1,"minecraft:bone":3,"minecraft:wheat_seeds":131,"minecraft:stone_pickaxe":1,"tombstone:bag_of_seeds":1,"minecraft:rabbit":1,"minecraft:iron_sword":1,"minecraft:oak_planks":5,"minecraft:book":42,"minecraft:cooked_porkchop":2,"minecraft:dandelion":2,"minecraft:gravel":7,"minecraft:spruce_sapling":1,"minecraft:white_bed":3,"minecraft:mossy_cobblestone":4,"minecraft:iron_hoe":1,"minecraft:stone_axe":1,"minecraft:iron_helmet":1,"minecraft:bread":18,"minecraft:chainmail_helmet":1,"minecraft:oak_sapling":3,"born_in_chaos_v1:rotten_fish":1,"minecraft:coal":40,"iceandfire:raw_silver":1},"minecraft:broken":{"minecraft:stone_sword":1,"minecraft:iron_boots":1,"minecraft:stone_pickaxe":1},"minecraft:killed_by":{"undead_revamp2:sucker":3,"minecraft:player":1,"undead_revamp2:the_moonflower":1,"iceandfire:siren":1,"born_in_chaos_v1:supreme_bonescaller":1,"born_in_chaos_v1:bone_imp_minion":1,"enemyexpansion:meature":1,"minecraft:cave_spider":1,"iceandfire:ghost":5},"minecraft:custom":{"minecraft:mob_kills":33,"minecraft:interact_with_crafting_table":33,"minecraft:open_barrel":2,"minecraft:damage_dealt_resisted":586,"minecraft:leave_game":9,"minecraft:time_since_death":38741,"minecraft:climb_one_cm":19370,"minecraft:sprint_one_cm":586921,"minecraft:walk_one_cm":911094,"minecraft:drop":64,"minecraft:talked_to_villager":5,"minecraft:play_time":304353,"minecraft:deaths":18,"minecraft:sneak_time":9537,"minecraft:walk_under_water_one_cm":33502,"minecraft:boat_one_cm":79290,"minecraft:jump":3761,"minecraft:walk_on_water_one_cm":108384,"minecraft:total_world_time":304353,"minecraft:interact_with_furnace":27,"tombstone:raider_killed":1,"minecraft:interact_with_loom":3,"minecraft:sleep_in_bed":16,"minecraft:time_since_rest":2981,"minecraft:damage_taken":6811,"minecraft:trigger_trapped_chest":1,"minecraft:damage_dealt":5616,"minecraft:swim_one_cm":44225,"minecraft:fly_one_cm":388533,"minecraft:player_kills":2,"minecraft:open_chest":42,"minecraft:crouch_one_cm":21657,"tombstone:undead_killed":15,"minecraft:interact_with_smoker":1,"minecraft:fall_one_cm":69679},"minecraft:killed":{"minecraft:spider":1,"undead_revamp2:thesmoker":1,"enemyexpansion:direwolf":2,"born_in_chaos_v1:maggot":1,"minecraft:drowned":1,"born_in_chaos_v1:supreme_bonescaller_stage_2":1,"undead_revamp2:sucker":1,"minecraft:pig":10,"born_in_chaos_v1:bone_imp_minion":7,"undead_revamp2:the_moonflower":2,"minecraft:sheep":1,"undead_revamp2:thesomnolence":1,"minecraft:zombie":1,"iceandfire:ghost":1,"minecraft:cow":1},"minecraft:crafted":{"minecraft:oak_door":3,"minecraft:oak_planks":76,"minecraft:furnace":1,"iceandfire:armor_copper_metal_leggings":1,"minecraft:cooked_mutton":2,"iceandfire:armor_copper_metal_boots":1,"iceandfire:armor_copper_metal_helmet":1,"minecraft:stone_pickaxe":1,"iceandfire:armor_copper_metal_chestplate":1,"minecraft:wheat":27,"minecraft:cooked_porkchop":10,"minecraft:crafting_table":3,"minecraft:wooden_pickaxe":1,"minecraft:iron_sword":2,"minecraft:copper_ingot":28,"iceandfire:copper_sword":1,"minecraft:stone_axe":1,"minecraft:bread":22,"minecraft:air":0,"minecraft:oak_boat":1,"minecraft:shield":1,"minecraft:stick":24,"quark:oak_chest":2,"minecraft:iron_ingot":3,"minecraft:wooden_axe":1,"minecraft:torch":16}},"DataVersion":3465}