{"stats":{"minecraft:used":{"minecraft:oak_fence":1,"minecraft:wooden_axe":28,"minecraft:apple":5,"minecraft:dirt":13,"minecraft:crafting_table":1,"minecraft:oak_sapling":3,"minecraft:birch_log":1,"alexsmobs:animal_dictionary":2,"minecraft:potato":1},"minecraft:mined":{"minecraft:hay_block":4,"minecraft:birch_log":5,"minecraft:dandelion":1,"minecraft:oak_fence":1,"minecraft:yellow_bed":1,"minecraft:grass":6,"minecraft:grass_block":10,"minecraft:oak_log":12,"minecraft:dirt":3,"minecraft:tall_grass":2},"minecraft:dropped":{"minecraft:dirt":20,"minecraft:wheat_seeds":1,"minecraft:rotten_flesh":1,"minecraft:dandelion":1},"minecraft:picked_up":{"minecraft:birch_log":6,"minecraft:oak_fence":1,"minecraft:dandelion":2,"minecraft:porkchop":10,"minecraft:oak_log":12,"minecraft:yellow_bed":1,"minecraft:dirt":33,"minecraft:rotten_flesh":1,"minecraft:wheat_seeds":2,"minecraft:hay_block":3,"minecraft:oak_sapling":3},"minecraft:killed_by":{"undead_revamp2:sucker":2,"enemyexpansion:meature":1},"minecraft:custom":{"minecraft:time_since_rest":1,"minecraft:sprint_one_cm":87754,"minecraft:damage_taken":1115,"minecraft:walk_one_cm":143054,"minecraft:mob_kills":6,"minecraft:drop":23,"minecraft:damage_dealt":641,"minecraft:interact_with_crafting_table":1,"minecraft:swim_one_cm":11509,"minecraft:talked_to_villager":4,"minecraft:player_kills":1,"minecraft:fly_one_cm":50307,"minecraft:open_chest":3,"minecraft:crouch_one_cm":3291,"minecraft:play_time":59978,"minecraft:deaths":4,"minecraft:sneak_time":1383,"minecraft:walk_under_water_one_cm":7778,"minecraft:jump":674,"minecraft:leave_game":5,"minecraft:walk_on_water_one_cm":22113,"minecraft:time_since_death":705,"minecraft:sleep_in_bed":3,"minecraft:total_world_time":59978,"minecraft:climb_one_cm":424,"minecraft:fall_one_cm":11049},"minecraft:killed":{"minecraft:pig":6},"minecraft:crafted":{"minecraft:oak_planks":48,"minecraft:crafting_table":1,"minecraft:stick":4,"minecraft:wooden_axe":1}},"DataVersion":3465}